anime_id,Name,English name,Other name,Score,Genres,Synopsis,Type,Episodes,Aired,Premiered,Status,Producers,Licensors,Studios,Source,Duration,Rating,Rank,Popularity,Favorites,Scored By,Members,Image URL
16498,Shingeki no Kyojin,Attack on Titan,進撃の巨人,8.54,"Action, Award Winning, Drama, Suspense","Centuries ago, mankind was slaughtered to near extinction by monstrous humanoid creatures called Titans, forcing humans to hide in fear behind enormous concentric walls. What makes these giants truly terrifying is that their taste for human flesh is not born out of hunger but what appears to be out of pleasure. To ensure their survival, the remnants of humanity began living within defensive barriers, resulting in one hundred years without a single titan encounter. However, that fragile calm is soon shattered when a colossal Titan manages to breach the supposedly impregnable outer wall, reigniting the fight for survival against the man-eating abominations.

After witnessing a horrific personal loss at the hands of the invading creatures, Eren Yeager dedicates his life to their eradication by enlisting into the Survey Corps, an elite military unit that combats the merciless humanoids outside the protection of the walls. Eren, his adopted sister Mikasa Ackerman, and his childhood friend Armin Arlert join the brutal war against the Titans and race to discover a way of defeating them before the last walls are breached.",TV,25.0,"Apr 7, 2013 to Sep 29, 2013",spring 2013,Finished Airing,"Production I.G, Dentsu, Mainichi Broadcasting System, Pony Canyon, Kodansha, Mad Box, Pony Canyon Enterprise",Funimation,Wit Studio,Manga,24 min per ep,R - 17+ (violence & profanity),107.0,1,163844,2660903.0,3744541,https://cdn.myanimelist.net/images/anime/10/47347.jpg
1535,Death Note,Death Note,デスノート,8.62,"Supernatural, Suspense","Brutal murders, petty thefts, and senseless violence pollute the human world. In contrast, the realm of death gods is a humdrum, unchanging gambling den. The ingenious 17-year-old Japanese student Light Yagami and sadistic god of death Ryuk share one belief: their worlds are rotten.

For his own amusement, Ryuk drops his Death Note into the human world. Light stumbles upon it, deeming the first of its rules ridiculous: the human whose name is written in this note shall die. However, the temptation is too great, and Light experiments by writing a felon's name, which disturbingly enacts his first murder.

Aware of the terrifying godlike power that has fallen into his hands, Light—under the alias Kira—follows his wicked sense of justice with the ultimate goal of cleansing the world of all evil-doers. The meticulous mastermind detective L is already on his trail, but as Light's brilliance rivals L's, the grand chase for Kira turns into an intense battle of wits that can only end when one of them is dead.",TV,37.0,"Oct 4, 2006 to Jun 27, 2007",fall 2006,Finished Airing,"VAP, Konami, Ashi Productions, Nippon Television Network, Shueisha",VIZ Media,Madhouse,Manga,23 min per ep,R - 17+ (violence & profanity),74.0,2,167586,2619479.0,3713315,https://cdn.myanimelist.net/images/anime/9/9453.jpg
30276,One Punch Man,One Punch Man,ワンパンマン,8.5,"Action, Comedy","The seemingly unimpressive Saitama has a rather unique hobby: being a hero. In order to pursue his childhood dream, Saitama relentlessly trained for three years, losing all of his hair in the process. Now, Saitama is so powerful, he can defeat any enemy with just one punch. However, having no one capable of matching his strength has led Saitama to an unexpected problem—he is no longer able to enjoy the thrill of battling and has become quite bored.

One day, Saitama catches the attention of 19-year-old cyborg Genos, who witnesses his power and wishes to become Saitama's disciple. Genos proposes that the two join the Hero Association in order to become certified heroes that will be recognized for their positive contributions to society. Saitama, who is shocked that no one knows who he is, quickly agrees. Meeting new allies and taking on new foes, Saitama embarks on a new journey as a member of the Hero Association to experience the excitement of battle he once felt.",TV,12.0,"Oct 5, 2015 to Dec 21, 2015",fall 2015,Finished Airing,"TV Tokyo, Bandai Visual, Lantis, Asatsu DK, Banpresto, Good Smile Company, Shueisha, JR East Marketing & Communications",VIZ Media,Madhouse,Web manga,24 min per ep,R - 17+ (violence & profanity),127.0,4,62408,2131099.0,3058666,https://cdn.myanimelist.net/images/anime/12/76049.jpg
11757,Sword Art Online,Sword Art Online,ソードアート・オンライン,7.2,"Action, Adventure, Fantasy, Romance","Ever since the release of the innovative NerveGear, gamers from all around the globe have been given the opportunity to experience a completely immersive virtual reality. Sword Art Online (SAO), one of the most recent games on the console, offers a gateway into the wondrous world of Aincrad, a vivid, medieval landscape where users can do anything within the limits of imagination. With the release of this worldwide sensation, gaming has never felt more lifelike.

However, the idyllic fantasy rapidly becomes a brutal nightmare when SAO's creator traps thousands of players inside the game. The ""log-out"" function has been removed, with the only method of escape involving beating all of Aincrad's one hundred increasingly difficult levels. Adding to the struggle, any in-game death becomes permanent, ending the player's life in the real world.

While Kazuto ""Kirito"" Kirigaya was fortunate enough to be a beta-tester for the game, he quickly finds that despite his advantages, he cannot overcome SAO's challenges alone. Teaming up with Asuna Yuuki and other talented players, Kirito makes an effort to face the seemingly insurmountable trials head-on. But with difficult bosses and threatening dark cults impeding his progress, Kirito finds that such tasks are much easier said than done.",TV,25.0,"Jul 8, 2012 to Dec 23, 2012",summer 2012,Finished Airing,"Aniplex, Genco, DAX Production, ASCII Media Works, Bandai Namco Games",Aniplex of America,A-1 Pictures,Light novel,23 min per ep,PG-13 - Teens 13 or older,3055.0,5,67014,2072240.0,2951821,https://cdn.myanimelist.net/images/anime/11/39717.jpg
5114,Fullmetal Alchemist: Brotherhood,Fullmetal Alchemist: Brotherhood,鋼の錬金術師 FULLMETAL ALCHEMIST,9.1,"Action, Adventure, Drama, Fantasy","After a horrific alchemy experiment goes wrong in the Elric household, brothers Edward and Alphonse are left in a catastrophic new reality. Ignoring the alchemical principle banning human transmutation, the boys attempted to bring their recently deceased mother back to life. Instead, they suffered brutal personal loss: Alphonse's body disintegrated while Edward lost a leg and then sacrificed an arm to keep Alphonse's soul in the physical realm by binding it to a hulking suit of armor.

The brothers are rescued by their neighbor Pinako Rockbell and her granddaughter Winry. Known as a bio-mechanical engineering prodigy, Winry creates prosthetic limbs for Edward by utilizing ""automail,"" a tough, versatile metal used in robots and combat armor. After years of training, the Elric brothers set off on a quest to restore their bodies by locating the Philosopher's Stone—a powerful gem that allows an alchemist to defy the traditional laws of Equivalent Exchange.

As Edward becomes an infamous alchemist and gains the nickname ""Fullmetal,"" the boys' journey embroils them in a growing conspiracy that threatens the fate of the world.",TV,64.0,"Apr 5, 2009 to Jul 4, 2010",spring 2009,Finished Airing,"Aniplex, Square Enix, Mainichi Broadcasting System, Studio Moriken","Funimation, Aniplex of America",Bones,Manga,24 min per ep,R - 17+ (violence & profanity),1.0,3,217606,2020030.0,3176556,https://cdn.myanimelist.net/images/anime/1208/94745.jpg
31964,Boku no Hero Academia,My Hero Academia,僕のヒーローアカデミア,7.89,Action,"The appearance of ""quirks,"" newly discovered super powers, has been steadily increasing over the years, with 80 percent of humanity possessing various abilities from manipulation of elements to shapeshifting. This leaves the remainder of the world completely powerless, and Izuku Midoriya is one such individual.

Since he was a child, the ambitious middle schooler has wanted nothing more than to be a hero. Izuku's unfair fate leaves him admiring heroes and taking notes on them whenever he can. But it seems that his persistence has borne some fruit: Izuku meets the number one hero and his personal idol, All Might. All Might's quirk is a unique ability that can be inherited, and he has chosen Izuku to be his successor!

Enduring many months of grueling training, Izuku enrolls in UA High, a prestigious high school famous for its excellent hero training program, and this year's freshmen look especially promising. With his bizarre but talented classmates and the looming threat of a villainous organization, Izuku will soon learn what it really means to be a hero.",TV,13.0,"Apr 3, 2016 to Jun 26, 2016",spring 2016,Finished Airing,"Dentsu, Mainichi Broadcasting System, Movic, TOHO animation, Shueisha",Funimation,Bones,Manga,24 min per ep,PG-13 - Teens 13 or older,740.0,6,53389,1977824.0,2882333,https://cdn.myanimelist.net/images/anime/10/78745.jpg
38000,Kimetsu no Yaiba,Demon Slayer: Kimetsu no Yaiba,鬼滅の刃,8.5,"Action, Award Winning, Fantasy","Ever since the death of his father, the burden of supporting the family has fallen upon Tanjirou Kamado's shoulders. Though living impoverished on a remote mountain, the Kamado family are able to enjoy a relatively peaceful and happy life. One day, Tanjirou decides to go down to the local village to make a little money selling charcoal. On his way back, night falls, forcing Tanjirou to take shelter in the house of a strange man, who warns him of the existence of flesh-eating demons that lurk in the woods at night.

When he finally arrives back home the next day, he is met with a horrifying sight—his whole family has been slaughtered. Worse still, the sole survivor is his sister Nezuko, who has been turned into a bloodthirsty demon. Consumed by rage and hatred, Tanjirou swears to avenge his family and stay by his only remaining sibling. Alongside the mysterious group calling themselves the Demon Slayer Corps, Tanjirou will do whatever it takes to slay the demons and protect the remnants of his beloved sister's humanity.",TV,26.0,"Apr 6, 2019 to Sep 28, 2019",spring 2019,Finished Airing,"Aniplex, Shueisha",Aniplex of America,ufotable,Manga,23 min per ep,R - 17+ (violence & profanity),126.0,7,88375,1943121.0,2808712,https://cdn.myanimelist.net/images/anime/1286/99889.jpg
20,Naruto,Naruto,ナルト,7.99,"Action, Adventure, Fantasy","Moments prior to Naruto Uzumaki's birth, a huge demon known as the Kyuubi, the Nine-Tailed Fox, attacked Konohagakure, the Hidden Leaf Village, and wreaked havoc. In order to put an end to the Kyuubi's rampage, the leader of the village, the Fourth Hokage, sacrificed his life and sealed the monstrous beast inside the newborn Naruto.

Now, Naruto is a hyperactive and knuckle-headed ninja still living in Konohagakure. Shunned because of the Kyuubi inside him, Naruto struggles to find his place in the village, while his burning desire to become the Hokage of Konohagakure leads him not only to some great new friends, but also some deadly foes.",TV,220.0,"Oct 3, 2002 to Feb 8, 2007",fall 2002,Finished Airing,"TV Tokyo, Aniplex, Shueisha",VIZ Media,Pierrot,Manga,23 min per ep,PG-13 - Teens 13 or older,599.0,8,76343,1883772.0,2717330,https://cdn.myanimelist.net/images/anime/13/17405.jpg
32281,Kimi no Na wa.,Your Name.,君の名は。,8.85,"Award Winning, Drama, Supernatural","Mitsuha Miyamizu, a high school girl, yearns to live the life of a boy in the bustling city of Tokyo—a dream that stands in stark contrast to her present life in the countryside. Meanwhile in the city, Taki Tachibana lives a busy life as a high school student while juggling his part-time job and hopes for a future in architecture.

One day, Mitsuha awakens in a room that is not her own and suddenly finds herself living the dream life in Tokyo—but in Taki's body! Elsewhere, Taki finds himself living Mitsuha's life in the humble countryside. In pursuit of an answer to this strange phenomenon, they begin to search for one another.

Kimi no Na wa. revolves around Mitsuha and Taki's actions, which begin to have a dramatic impact on each other's lives, weaving them into a fabric held together by fate and circumstance.",Movie,1.0,"Aug 26, 2016",UNKNOWN,Finished Airing,"Toho, Sound Team Don Juan, Amuse, JR East Marketing & Communications, Kadokawa, voque ting","Funimation, NYAV Post",CoMix Wave Films,Original,1 hr 46 min,PG-13 - Teens 13 or older,27.0,11,87268,1807089.0,2597495,https://cdn.myanimelist.net/images/anime/5/87048.jpg
22319,Tokyo Ghoul,Tokyo Ghoul,東京喰種-トーキョーグール-,7.79,"Action, Fantasy, Horror","A sinister threat is invading Tokyo: flesh-eating ""ghouls"" who appear identical to humans and blend into their population. Reserved college student Ken Kaneki buries his nose in books and avoids the news of the growing crisis. However, the appearance of an attractive woman named Rize Kamishiro shatters his solitude when she forwardly asks him on a date.

While walking Rize home, Kaneki discovers she isn't as kind as she first appeared, and she has led him on with sinister intent. After a tragic struggle, he later awakens in a hospital to learn his life was saved by transplanting the now deceased Rize's organs into his own body.

Kaneki's body begins to change in horrifying ways, and he transforms into a human-ghoul hybrid. As he embarks on his new dreadful journey, Kaneki clings to his humanity in the evolving bloody conflict between society's new monsters and the government agents who hunt them.",TV,12.0,"Jul 4, 2014 to Sep 19, 2014",summer 2014,Finished Airing,"Marvelous AQL, TC Entertainment, Shueisha",Funimation,Pierrot,Manga,24 min per ep,R - 17+ (violence & profanity),933.0,9,49098,1791023.0,2699241,https://cdn.myanimelist.net/images/anime/1498/134443.jpg
25777,Shingeki no Kyojin Season 2,Attack on Titan Season 2,進撃の巨人 Season2,8.5,"Action, Drama, Suspense","For centuries, humanity has been hunted by giant, mysterious predators known as the Titans. Three mighty walls—Wall Maria, Rose, and Sheena—provided peace and protection for humanity for over a hundred years. That peace, however, was shattered when the Colossal Titan and Armored Titan appeared and destroyed the outermost wall, Wall Maria. Forced to retreat behind Wall Rose, humanity waited with bated breath for the Titans to reappear and destroy their safe haven once more.

In Shingeki no Kyojin Season 2, Eren Yeager and others of the 104th Training Corps have just begun to become full members of the Survey Corps. As they ready themselves to face the Titans once again, their preparations are interrupted by the invasion of Wall Rose—but all is not as it seems as more mysteries are unraveled. As the Survey Corps races to save the wall, they uncover more about the invading Titans and the dark secrets of their own members.",TV,12.0,"Apr 1, 2017 to Jun 17, 2017",spring 2017,Finished Airing,"Production I.G, Dentsu, Mainichi Broadcasting System, Pony Canyon, Kodansha, Techno Sound, Pony Canyon Enterprise",Funimation,Wit Studio,Manga,24 min per ep,R - 17+ (violence & profanity),128.0,12,20899,1761316.0,2566796,https://cdn.myanimelist.net/images/anime/4/84177.jpg
33486,Boku no Hero Academia 2nd Season,My Hero Academia Season 2,僕のヒーローアカデミア,8.11,Action,"At UA Academy, not even a violent attack can disrupt their most prestigious event: the school sports festival. Renowned across Japan, this festival is an opportunity for aspiring heroes to showcase their abilities, both to the public and potential recruiters.

However, the path to glory is never easy, especially for Izuku Midoriya—whose quirk possesses great raw power but is also cripplingly inefficient. Pitted against his talented classmates, such as the fire and ice wielding Shouto Todoroki, Izuku must utilize his sharp wits and master his surroundings to achieve victory and prove to the world his worth.",TV,25.0,"Apr 1, 2017 to Sep 30, 2017",spring 2017,Finished Airing,"Dentsu, Yomiuri Telecasting, Movic, Sony Music Entertainment, TOHO animation, Shueisha",Funimation,Bones,Manga,23 min per ep,PG-13 - Teens 13 or older,449.0,14,17157,1654606.0,2410638,https://cdn.myanimelist.net/images/anime/12/85221.jpg
11061,Hunter x Hunter (2011),Hunter x Hunter,HUNTER×HUNTER（ハンター×ハンター）,9.04,"Action, Adventure, Fantasy","Hunters devote themselves to accomplishing hazardous tasks, all from traversing the world's uncharted territories to locating rare items and monsters. Before becoming a Hunter, one must pass the Hunter Examination—a high-risk selection process in which most applicants end up handicapped or worse, deceased.

Ambitious participants who challenge the notorious exam carry their own reason. What drives 12-year-old Gon Freecss is finding Ging, his father and a Hunter himself. Believing that he will meet his father by becoming a Hunter, Gon takes the first step to walk the same path.

During the Hunter Examination, Gon befriends the medical student Leorio Paladiknight, the vindictive Kurapika, and ex-assassin Killua Zoldyck. While their motives vastly differ from each other, they band together for a common goal and begin to venture into a perilous world.",TV,148.0,"Oct 2, 2011 to Sep 24, 2014",fall 2011,Finished Airing,"VAP, Nippon Television Network, Shueisha",VIZ Media,Madhouse,Manga,23 min per ep,PG-13 - Teens 13 or older,10.0,10,200265,1651790.0,2656870,https://cdn.myanimelist.net/images/anime/1337/99013.jpg
1735,Naruto: Shippuuden,Naruto Shippuden,-ナルト- 疾風伝,8.26,"Action, Adventure, Fantasy","It has been two and a half years since Naruto Uzumaki left Konohagakure, the Hidden Leaf Village, for intense training following events which fueled his desire to be stronger. Now Akatsuki, the mysterious organization of elite rogue ninja, is closing in on their grand plan which may threaten the safety of the entire shinobi world.
 
Although Naruto is older and sinister events loom on the horizon, he has changed little in personality—still rambunctious and childish—though he is now far more confident and possesses an even greater determination to protect his friends and home. Come whatever may, Naruto will carry on with the fight for what is important to him, even at the expense of his own body, in the continuation of the saga about the boy who wishes to become Hokage.",TV,500.0,"Feb 15, 2007 to Mar 23, 2017",winter 2007,Finished Airing,"TV Tokyo, Aniplex, KSS, Rakuonsha, TV Tokyo Music, Shueisha",VIZ Media,Pierrot,Manga,23 min per ep,PG-13 - Teens 13 or older,278.0,15,107735,1569553.0,2349413,https://cdn.myanimelist.net/images/anime/1565/111305.jpg
28851,Koe no Katachi,A Silent Voice,聲の形,8.94,"Award Winning, Drama","As a wild youth, elementary school student Shouya Ishida sought to beat boredom in the cruelest ways. When the deaf Shouko Nishimiya transfers into his class, Shouya and the rest of his class thoughtlessly bully her for fun. However, when her mother notifies the school, he is singled out and blamed for everything done to her. With Shouko transferring out of the school, Shouya is left at the mercy of his classmates. He is heartlessly ostracized all throughout elementary and middle school, while teachers turn a blind eye.

Now in his third year of high school, Shouya is still plagued by his wrongdoings as a young boy. Sincerely regretting his past actions, he sets out on a journey of redemption: to meet Shouko once more and make amends.

Koe no Katachi tells the heartwarming tale of Shouya's reunion with Shouko and his honest attempts to redeem himself, all while being continually haunted by the shadows of his past.",Movie,1.0,"Sep 17, 2016",UNKNOWN,Finished Airing,"Shochiku, Pony Canyon, Kodansha, ABC Animation, Quaras","Eleven Arts, NYAV Post",Kyoto Animation,Manga,2 hr 10 min,PG-13 - Teens 13 or older,17.0,19,83356,1523740.0,2193966,https://cdn.myanimelist.net/images/anime/1122/96435.jpg
35760,Shingeki no Kyojin Season 3,Attack on Titan Season 3,進撃の巨人 Season3,8.62,"Action, Drama","Still threatened by the ""Titans"" that rob them of their freedom, mankind remains caged inside the two remaining walls. Efforts to eradicate these monsters continue; however, threats arise not only from the Titans beyond the walls, but from the humans within them as well.

After being rescued from the Colossal and Armored Titans, Eren Yaeger devotes himself to improving his Titan form. Krista Lenz struggles to accept the loss of her friend, Captain Levi chooses Eren and his friends to form his new personal squad, and Commander Erwin Smith recovers from his injuries. All seems well for the soldiers, until the government suddenly demands custody of Eren and Krista. The Survey Corps' recent successes have drawn attention, and a familiar face from Levi's past is sent to collect the wanted soldiers. Sought after by the government, Levi and his new squad must evade their adversaries in hopes of keeping Eren and Krista safe.

Eren and his fellow soldiers are not only fighting for their survival against the terrifying Titans, but also against the terror of a far more conniving foe: their fellow humans.",TV,12.0,"Jul 23, 2018 to Oct 15, 2018",summer 2018,Finished Airing,"Production I.G, Dentsu, Mainichi Broadcasting System, Pony Canyon, Kodansha, Techno Sound, Pony Canyon Enterprise",Funimation,Wit Studio,Manga,23 min per ep,R - 17+ (violence & profanity),78.0,18,19825,1505962.0,2212297,https://cdn.myanimelist.net/images/anime/1173/92110.jpg
19815,No Game No Life,"No Game, No Life",ノーゲーム・ノーライフ,8.08,"Comedy, Fantasy, Ecchi","Sixteen sentient races inhabit Disboard, a world overseen by Tet, the One True God. The lowest of the sixteen—Imanity—consists of humans, a race with no affinity for magic. In a place where everything is decided through simple games, humankind seems to have no way out of their predicament—but the arrival of two outsiders poses a change.

On Earth, stepsiblings Sora and Shiro are two inseparable shut-ins who dominate various online games under the username ""Blank."" While notorious on the internet, the pair believe that life is merely another dull game. However, after responding to a message from an unknown user, they are suddenly transported to Disboard. The mysterious sender turns out to be Tet, who informs them about the world's absolute rules. After Tet leaves, Sora and Shiro begin their search for more information and a place to stay, taking them to Elkia—Imanity's only remaining kingdom.

There, the duo encounters Stephanie Dola, an emotional girl vying for the kingdom's sovereignty. In desperation, she attempts to regain her father's throne, but her foolhardiness makes her goal unachievable. Inspired by the girl's motivation and passion, Sora and Shiro decide to aid Stephanie in getting Elkia back on its feet, ultimately aiming to become the new rulers of the enigmatic realm.",TV,12.0,"Apr 9, 2014 to Jun 25, 2014",spring 2014,Finished Airing,"Frontier Works, Media Factory, Movic, AT-X",Sentai Filmworks,Madhouse,Light novel,23 min per ep,PG-13 - Teens 13 or older,481.0,16,47444,1484844.0,2305805,https://cdn.myanimelist.net/images/anime/1074/111944.jpg
38524,Shingeki no Kyojin Season 3 Part 2,Attack on Titan Season 3 Part 2,進撃の巨人 Season3 Part.2,9.05,"Action, Drama","Seeking to restore humanity's diminishing hope, the Survey Corps embark on a mission to retake Wall Maria, where the battle against the merciless ""Titans"" takes the stage once again.

Returning to the tattered Shiganshina District that was once his home, Eren Yeager and the Corps find the town oddly unoccupied by Titans. Even after the outer gate is plugged, they strangely encounter no opposition. The mission progresses smoothly until Armin Arlert, highly suspicious of the enemy's absence, discovers distressing signs of a potential scheme against them. 

Shingeki no Kyojin Season 3 Part 2 follows Eren as he vows to take back everything that was once his. Alongside him, the Survey Corps strive—through countless sacrifices—to carve a path towards victory and uncover the secrets locked away in the Yeager family's basement.",TV,10.0,"Apr 29, 2019 to Jul 1, 2019",spring 2019,Finished Airing,"Production I.G, Dentsu, Mainichi Broadcasting System, Pony Canyon, Kodansha, Techno Sound, Pony Canyon Enterprise",Funimation,Wit Studio,Manga,23 min per ep,R - 17+ (violence & profanity),6.0,24,55245,1471825.0,2104016,https://cdn.myanimelist.net/images/anime/1517/100633.jpg
40748,Jujutsu Kaisen,Jujutsu Kaisen,呪術廻戦,8.64,"Action, Award Winning, Fantasy","Idly indulging in baseless paranormal activities with the Occult Club, high schooler Yuuji Itadori spends his days at either the clubroom or the hospital, where he visits his bedridden grandfather. However, this leisurely lifestyle soon takes a turn for the strange when he unknowingly encounters a cursed item. Triggering a chain of supernatural occurrences, Yuuji finds himself suddenly thrust into the world of Curses—dreadful beings formed from human malice and negativity—after swallowing the said item, revealed to be a finger belonging to the demon Sukuna Ryoumen, the ""King of Curses.""

Yuuji experiences first-hand the threat these Curses pose to society as he discovers his own newfound powers. Introduced to the Tokyo Metropolitan Jujutsu Technical High School, he begins to walk down a path from which he cannot return—the path of a Jujutsu sorcerer.",TV,24.0,"Oct 3, 2020 to Mar 27, 2021",fall 2020,Finished Airing,"Mainichi Broadcasting System, TOHO animation, Shueisha, dugout, Sumzap",VIZ Media,MAPPA,Manga,23 min per ep,R - 17+ (violence & profanity),67.0,17,81174,1461866.0,2253443,https://cdn.myanimelist.net/images/anime/1171/109222.jpg
36456,Boku no Hero Academia 3rd Season,My Hero Academia Season 3,僕のヒーローアカデミア,8.04,Action,"As summer arrives for the students at UA Academy, each of these superheroes-in-training puts in their best efforts to become renowned heroes. They head off to a forest training camp run by UA's pro heroes, where the students face one another in battle and go through dangerous tests, improving their abilities and pushing past their limits. However, their school trip is suddenly turned upside down when the League of Villains arrives, invading the camp with a mission to capture one of the students. 

Boku no Hero Academia 3rd Season follows Izuku ""Deku"" Midoriya, an ambitious student training to achieve his dream of becoming a hero similar to his role model—All Might. Being one of the students caught up amidst the chaos of the villain attack, Deku must take a stand with his classmates and fight for their survival.",TV,25.0,"Apr 7, 2018 to Sep 29, 2018",spring 2018,Finished Airing,"Dentsu, Yomiuri Telecasting, Movic, Sony Music Entertainment, TOHO animation, Shueisha",Funimation,Bones,Manga,23 min per ep,PG-13 - Teens 13 or older,531.0,26,12739,1376029.0,2085281,https://cdn.myanimelist.net/images/anime/1319/92084.jpg
31240,Re:Zero kara Hajimeru Isekai Seikatsu,Re:ZERO -Starting Life in Another World-,Re：ゼロから始める異世界生活,8.23,"Drama, Fantasy, Suspense","When Subaru Natsuki leaves the convenience store, the last thing he expects is to be wrenched from his everyday life and dropped into a fantasy world. Things are not looking good for the bewildered teenager; however, not long after his arrival, he is attacked by some thugs. Armed with only a bag of groceries and a now useless cell phone, he is quickly beaten to a pulp. Fortunately, a mysterious beauty named Satella, in hot pursuit after the one who stole her insignia, happens upon Subaru and saves him. In order to thank the honest and kindhearted girl, Subaru offers to help in her search, and later that night, he even finds the whereabouts of that which she seeks. But unbeknownst to them, a much darker force stalks the pair from the shadows, and just minutes after locating the insignia, Subaru and Satella are brutally murdered.

However, Subaru immediately reawakens to a familiar scene—confronted by the same group of thugs, meeting Satella all over again—the enigma deepens as history inexplicably repeats itself.",TV,25.0,"Apr 4, 2016 to Sep 19, 2016",spring 2016,Finished Airing,"TV Tokyo, Media Factory, Kadokawa Shoten, AT-X, Magic Capsule, Memory-Tech, Hakuhodo DY Music & Pictures",Funimation,White Fox,Light novel,25 min per ep,R - 17+ (violence & profanity),313.0,25,64834,1347571.0,2091729,https://cdn.myanimelist.net/images/anime/1522/128039.jpg
1575,Code Geass: Hangyaku no Lelouch,Code Geass: Lelouch of the Rebellion,コードギアス 反逆のルルーシュ,8.7,"Action, Award Winning, Drama, Sci-Fi","In the year 2010, the Holy Empire of Britannia is establishing itself as a dominant military nation, starting with the conquest of Japan. Renamed to Area 11 after its swift defeat, Japan has seen significant resistance against these tyrants in an attempt to regain independence.

Lelouch Lamperouge, a Britannian student, unfortunately finds himself caught in a crossfire between the Britannian and the Area 11 rebel armed forces. He is able to escape, however, thanks to the timely appearance of a mysterious girl named C.C., who bestows upon him Geass, the ""Power of Kings."" Realizing the vast potential of his newfound ""power of absolute obedience,"" Lelouch embarks upon a perilous journey as the masked vigilante known as Zero, leading a merciless onslaught against Britannia in order to get revenge once and for all.",TV,25.0,"Oct 6, 2006 to Jul 29, 2007",fall 2006,Finished Airing,"Bandai Visual, Mainichi Broadcasting System, Bandai, Sony Music Entertainment, Bandai Namco Entertainment, Hakuhodo DY Media Partners","Funimation, Bandai Entertainment",Sunrise,Original,24 min per ep,R - 17+ (violence & profanity),51.0,21,105379,1343476.0,2151722,https://cdn.myanimelist.net/images/anime/1032/135088.jpg
9253,Steins;Gate,Steins;Gate,STEINS;GATE,9.07,"Drama, Sci-Fi, Suspense","Eccentric scientist Rintarou Okabe has a never-ending thirst for scientific exploration. Together with his ditzy but well-meaning friend Mayuri Shiina and his roommate Itaru Hashida, Rintarou founds the Future Gadget Laboratory in the hopes of creating technological innovations that baffle the human psyche. Despite claims of grandeur, the only notable ""gadget"" the trio have created is a microwave that has the mystifying power to turn bananas into green goo.

However, when Rintarou decides to attend neuroscientist Kurisu Makise's conference on time travel, he experiences a series of strange events that lead him to believe that there is more to the ""Phone Microwave"" gadget than meets the eye. Apparently able to send text messages into the past using the microwave, Rintarou dabbles further with the ""time machine,"" attracting the ire and attention of the mysterious organization SERN.

Due to the novel discovery, Rintarou and his friends find themselves in an ever-present danger. As he works to mitigate the damage his invention has caused to the timeline, he is not only fighting a battle to save his loved ones, but also one against his degrading sanity.",TV,24.0,"Apr 6, 2011 to Sep 14, 2011",spring 2011,Finished Airing,"Frontier Works, Media Factory, Kadokawa Shoten, Movic, AT-X, Kadokawa Pictures Japan, Nitroplus",Funimation,White Fox,Visual novel,24 min per ep,PG-13 - Teens 13 or older,3.0,13,182964,1336233.0,2440369,https://cdn.myanimelist.net/images/anime/1935/127974.jpg
4224,Toradora!,Toradora!,とらドラ！,8.08,"Drama, Romance","Ryuuji Takasu is a gentle high school student with a love for housework; but in contrast to his kind nature, he has an intimidating face that often gets him labeled as a delinquent. On the other hand is Taiga Aisaka, a small, doll-like student, who is anything but a cute and fragile girl. Equipped with a wooden katana and feisty personality, Taiga is known throughout the school as the ""Palmtop Tiger.""

One day, an embarrassing mistake causes the two students to cross paths. Ryuuji discovers that Taiga actually has a sweet side: she has a crush on the popular vice president, Yuusaku Kitamura, who happens to be his best friend. But things only get crazier when Ryuuji reveals that he has a crush on Minori Kushieda—Taiga's best friend!

Toradora! is a romantic comedy that follows this odd duo as they embark on a quest to help each other with their respective crushes, forming an unlikely alliance in the process.",TV,25.0,"Oct 2, 2008 to Mar 26, 2009",fall 2008,Finished Airing,"Genco, Starchild Records, Magic Capsule, Yomiuri Advertising, TV Tokyo Music","NIS America, Inc.",J.C.Staff,Light novel,23 min per ep,PG-13 - Teens 13 or older,487.0,22,55666,1330877.0,2121399,https://cdn.myanimelist.net/images/anime/13/22128.jpg
31043,Boku dake ga Inai Machi,ERASED,僕だけがいない街,8.31,"Mystery, Supernatural, Suspense","When tragedy is about to strike, Satoru Fujinuma finds himself sent back several minutes before the accident occurs. The detached, 29-year-old manga artist has taken advantage of this powerful yet mysterious phenomenon, which he calls ""Revival,"" to save many lives.
 
However, when he is wrongfully accused of murdering someone close to him, Satoru is sent back to the past once again, but this time to 1988, 18 years in the past. Soon, he realizes that the murder may be connected to the abduction and killing of one of his classmates, the solitary and mysterious Kayo Hinazuki, that took place when he was a child. This is his chance to make things right.
 
Boku dake ga Inai Machi follows Satoru in his mission to uncover what truly transpired 18 years ago and prevent the death of his classmate while protecting those he cares about in the present.",TV,12.0,"Jan 8, 2016 to Mar 25, 2016",winter 2016,Finished Airing,"Aniplex, Dentsu, Kadokawa Shoten, Fuji TV, DAX Production, Kyoraku Industrial Holdings, Kansai Telecasting, Lawson, Kanetsu Investment, C-one",Aniplex of America,A-1 Pictures,Manga,23 min per ep,R - 17+ (violence & profanity),237.0,30,46556,1301165.0,1994083,https://cdn.myanimelist.net/images/anime/10/77957.jpg
23755,Nanatsu no Taizai,The Seven Deadly Sins,七つの大罪,7.67,"Action, Adventure, Fantasy","In a world similar to the European Middle Ages, the feared yet revered Holy Knights of Britannia use immensely powerful magic to protect the region of Britannia and its kingdoms. However, a small subset of the Knights supposedly betrayed their homeland and turned their blades against their comrades in an attempt to overthrow the ruler of Liones. They were defeated by the Holy Knights, but rumors continued to persist that these legendary knights, called the ""Seven Deadly Sins,"" were still alive. Ten years later, the Holy Knights themselves staged a coup d’état, and thus became the new, tyrannical rulers of the Kingdom of Liones.

Based on the best-selling manga series of the same name, Nanatsu no Taizai follows the adventures of Elizabeth, the third princess of the Kingdom of Liones, and her search for the Seven Deadly Sins. With their help, she endeavors to not only take back her kingdom from the Holy Knights, but to also seek justice in an unjust world.",TV,24.0,"Oct 5, 2014 to Mar 29, 2015",fall 2014,Finished Airing,"Aniplex, Dentsu, Mainichi Broadcasting System, Kodansha, Movic",Funimation,A-1 Pictures,Manga,24 min per ep,PG-13 - Teens 13 or older,1216.0,31,19160,1291643.0,1974171,https://cdn.myanimelist.net/images/anime/8/65409.jpg
23273,Shigatsu wa Kimi no Uso,Your Lie in April,四月は君の嘘,8.65,"Drama, Romance","Kousei Arima is a child prodigy known as the ""Human Metronome"" for playing the piano with precision and perfection. Guided by a strict mother and rigorous training, Kousei dominates every competition he enters, earning the admiration of his musical peers and praise from audiences. When his mother suddenly passes away, the subsequent trauma makes him unable to hear the sound of a piano, and he never takes the stage thereafter.

Nowadays, Kousei lives a quiet and unassuming life as a junior high school student alongside his friends Tsubaki Sawabe and Ryouta Watari. While struggling to get over his mother's death, he continues to cling to music. His monochrome life turns upside down the day he encounters the eccentric violinist Kaori Miyazono, who thrusts him back into the spotlight as her accompanist. Through a little lie, these two young musicians grow closer together as Kaori tries to fill Kousei's world with color.",TV,22.0,"Oct 10, 2014 to Mar 20, 2015",fall 2014,Finished Airing,"Aniplex, Dentsu, Kodansha, Fuji TV, Lawson HMV Entertainment, Kyoraku Industrial Holdings, Kansai Telecasting",Aniplex of America,A-1 Pictures,Manga,22 min per ep,PG-13 - Teens 13 or older,65.0,23,83560,1290329.0,2111376,https://cdn.myanimelist.net/images/anime/3/67177.jpg
21881,Sword Art Online II,Sword Art Online II,ソードアート・オンライン II,6.7,"Action, Adventure, Fantasy, Romance","A year after escaping Sword Art Online, Kazuto Kirigaya has been settling back into the real world. However, his peace is short-lived as a new incident occurs in a game called Gun Gale Online, where a player by the name of Death Gun appears to be killing people in the real world by shooting them in-game. Approached by officials to assist in investigating the murders, Kazuto assumes his persona of Kirito once again and logs into Gun Gale Online, intent on stopping the killer.

Once inside, Kirito meets Sinon, a highly skilled sniper afflicted by a traumatic past. She is soon dragged in his chase after Death Gun, and together they enter the Bullet of Bullets, a tournament where their target is sure to appear. Uncertain of Death Gun's real powers, Kirito and Sinon race to stop him before he has the chance to claim another life. Not everything goes smoothly, however, as scars from the past impede their progress. In a high-stakes game where the next victim could easily be one of them, Kirito puts his life on the line in the virtual world once more.",TV,24.0,"Jul 5, 2014 to Dec 20, 2014",summer 2014,Finished Airing,"Aniplex, Genco, ASCII Media Works, Bandai Namco Games",Aniplex of America,A-1 Pictures,Light novel,23 min per ep,PG-13 - Teens 13 or older,5331.0,35,9227,1287086.0,1902495,https://cdn.myanimelist.net/images/anime/1223/121999.jpg
22199,Akame ga Kill!,Akame ga Kill!,アカメが斬る！,7.47,"Action, Fantasy","Night Raid is the covert assassination branch of the Revolutionary Army, an uprising assembled to overthrow Prime Minister Honest, whose avarice and greed for power has led him to take advantage of the child emperor's inexperience. Without a strong and benevolent leader, the rest of the nation is left to drown in poverty, strife, and ruin. Though the Night Raid members are all experienced killers, they understand that taking lives is far from commendable and that they will likely face retribution as they mercilessly eliminate anyone who stands in the revolution's way.

This merry band of assassins' newest member is Tatsumi, a naïve boy from a remote village who had embarked on a journey to help his impoverished hometown and was won over by not only Night Raid's ideals, but also their resolve. Akame ga Kill! follows Tatsumi as he fights the Empire and comes face-to-face with powerful weapons, enemy assassins, challenges to his own morals and values, and ultimately, what it truly means to be an assassin with a cause.",TV,24.0,"Jul 7, 2014 to Dec 15, 2014",summer 2014,Finished Airing,"Nihon Ad Systems, Sony Music Entertainment, TOHO animation, Q-Tec, Fields, Jinnan Studio",Sentai Filmworks,White Fox,Manga,23 min per ep,R - 17+ (violence & profanity),1794.0,29,28168,1255681.0,1997680,https://cdn.myanimelist.net/images/anime/1429/95946.jpg
6547,Angel Beats!,Angel Beats!,Angel Beats!（エンジェルビーツ!）,8.06,"Drama, Supernatural","Death is one of many mysteries that has left humanity in the dark since the dawn of time. However, the burning question of what happens to the soul after one dies is soon answered to 17-year-old Yuzuru Otonashi. Waking up with no previous memories in a dimension between life and death, he discovers the unsettling truth of the afterlife.  

Taking the form of a high school, this bizarre dimension is designated to shelter those who died unwanted deaths. Feeling wronged by God during their earthly lives, the school's residents have decided to form the Afterlife Battlefront—a rebellious faction determined to oppose their god-like student council president, Kanade ""Angel"" Tachibana. The group's leader, Yuri Nakamura, recruits Otonashi in their fight against Angel in order to take control of their own lives. However, questioning the morality behind their actions, Otonashi takes a step behind the enemy lines to understand the opposing side of their common fate.",TV,13.0,"Apr 3, 2010 to Jun 26, 2010",spring 2010,Finished Airing,"Aniplex, Dentsu, Mainichi Broadcasting System, CBC Television, Movic, Visual Arts, ASCII Media Works","Sentai Filmworks, Aniplex of America",P.A. Works,Original,24 min per ep,PG-13 - Teens 13 or older,507.0,28,47648,1247171.0,2010342,https://cdn.myanimelist.net/images/anime/1244/111115.jpg
199,Sen to Chihiro no Kamikakushi,Spirited Away,千と千尋の神隠し,8.78,"Adventure, Award Winning, Supernatural","Stubborn, spoiled, and naïve, 10-year-old Chihiro Ogino is less than pleased when she and her parents discover an abandoned amusement park on the way to their new house. Cautiously venturing inside, she realizes that there is more to this place than meets the eye, as strange things begin to happen once dusk falls. Ghostly apparitions and food that turns her parents into pigs are just the start—Chihiro has unwittingly crossed over into the spirit world. Now trapped, she must summon the courage to live and work amongst spirits, with the help of the enigmatic Haku and the cast of unique characters she meets along the way.

Vivid and intriguing, Sen to Chihiro no Kamikakushi tells the story of Chihiro's journey through an unfamiliar world as she strives to save her parents and return home.",Movie,1.0,"Jul 20, 2001",UNKNOWN,Finished Airing,Toho,"Disney Platform Distribution, GKIDS",Studio Ghibli,Original,2 hr 4 min,PG - Children,36.0,44,31139,1234780.0,1760676,https://cdn.myanimelist.net/images/anime/6/79597.jpg
20507,Noragami,Noragami,ノラガミ,7.95,"Action, Fantasy","In times of need, if you look in the right place, you just may see a strange telephone number scrawled in red. If you call this number, you will hear a young man introduce himself as the Yato God.

Yato is a minor deity and a self-proclaimed ""Delivery God,"" who dreams of having millions of worshippers. Without a single shrine dedicated to his name, however, his goals are far from being realized. He spends his days doing odd jobs for five yen apiece, until his weapon partner becomes fed up with her useless master and deserts him.

Just as things seem to be looking grim for the god, his fortune changes when a middle school girl, Hiyori Iki, supposedly saves Yato from a car accident, taking the hit for him. Remarkably, she survives, but the event has caused her soul to become loose and hence able to leave her body. Hiyori demands that Yato return her to normal, but upon learning that he needs a new partner to do so, reluctantly agrees to help him find one. And with Hiyori's help, Yato's luck may finally be turning around.",TV,12.0,"Jan 5, 2014 to Mar 23, 2014",winter 2014,Finished Airing,"Avex Entertainment, Dentsu, Shochiku, Kodansha, Movic, Ai Addiction, Lawson HMV Entertainment, A-Sketch",Funimation,Bones,Manga,24 min per ep,PG-13 - Teens 13 or older,650.0,27,32675,1226988.0,2079087,https://cdn.myanimelist.net/images/anime/1886/128266.jpg
21,One Piece,One Piece,ONE PIECE,8.69,"Action, Adventure, Fantasy","Gol D. Roger was known as the ""Pirate King,"" the strongest and most infamous being to have sailed the Grand Line. The capture and execution of Roger by the World Government brought a change throughout the world. His last words before his death revealed the existence of the greatest treasure in the world, One Piece. It was this revelation that brought about the Grand Age of Pirates, men who dreamed of finding One Piece—which promises an unlimited amount of riches and fame—and quite possibly the pinnacle of glory and the title of the Pirate King.

Enter Monkey D. Luffy, a 17-year-old boy who defies your standard definition of a pirate. Rather than the popular persona of a wicked, hardened, toothless pirate ransacking villages for fun, Luffy's reason for being a pirate is one of pure wonder: the thought of an exciting adventure that leads him to intriguing people and ultimately, the promised treasure. Following in the footsteps of his childhood hero, Luffy and his crew travel across the Grand Line, experiencing crazy adventures, unveiling dark mysteries and battling strong enemies, all in order to reach the most coveted of all fortunes—One Piece.",TV,UNKNOWN,"Oct 20, 1999 to ?",fall 1999,Currently Airing,"Fuji TV, TAP, Shueisha","Funimation, 4Kids Entertainment",Toei Animation,Manga,24 min,PG-13 - Teens 13 or older,55.0,20,198986,1226493.0,2168904,https://cdn.myanimelist.net/images/anime/6/73245.jpg
37779,Yakusoku no Neverland,The Promised Neverland,約束のネバーランド,8.51,"Fantasy, Mystery, Sci-Fi, Suspense","Surrounded by a forest and a gated entrance, the Grace Field House is inhabited by orphans happily living together as one big family, looked after by their ""Mama,"" Isabella. Although they are required to take tests daily, the children are free to spend their time as they see fit, usually playing outside, as long as they do not venture too far from the orphanage—a rule they are expected to follow no matter what. However, all good times must come to an end, as every few months, a child is adopted and sent to live with their new family, never to be heard from again.

However, the three oldest siblings have their suspicions about what is actually happening at the orphanage, and they are about to discover the cruel fate that awaits the children living at Grace Field, including the twisted nature of their beloved Mama.",TV,12.0,"Jan 10, 2019 to Mar 29, 2019",winter 2019,Finished Airing,"Aniplex, Dentsu, Fuji TV, Shueisha, CA-Cygames Anime Fund",Aniplex of America,CloverWorks,Manga,22 min per ep,R - 17+ (violence & profanity),122.0,37,32144,1221982.0,1866038,https://cdn.myanimelist.net/images/anime/1830/118780.jpg
40028,Shingeki no Kyojin: The Final Season,Attack on Titan: Final Season,進撃の巨人 The Final Season,8.8,"Action, Drama","Gabi Braun and Falco Grice have been training their entire lives to inherit one of the seven Titans under Marley's control and aid their nation in eradicating the Eldians on Paradis. However, just as all seems well for the two cadets, their peace is suddenly shaken by the arrival of Eren Yeager and the remaining members of the Survey Corps.

Having finally reached the Yeager family basement and learned about the dark history surrounding the Titans, the Survey Corps has at long last found the answer they so desperately fought to uncover. With the truth now in their hands, the group set out for the world beyond the walls.

In Shingeki no Kyojin: The Final Season, two utterly different worlds collide as each party pursues its own agenda in the long-awaited conclusion to Paradis' fight for freedom.",TV,16.0,"Dec 7, 2020 to Mar 29, 2021",winter 2021,Finished Airing,"Production I.G, Dentsu, Mainichi Broadcasting System, Pony Canyon, Kodansha, Techno Sound, Pony Canyon Enterprise",Funimation,MAPPA,Manga,23 min per ep,R - 17+ (violence & profanity),34.0,41,51403,1219934.0,1846397,https://cdn.myanimelist.net/images/anime/1000/110531.jpg
30831,Kono Subarashii Sekai ni Shukufuku wo!,KonoSuba: God's Blessing on This Wonderful World!,この素晴らしい世界に祝福を！,8.11,"Adventure, Comedy, Fantasy","After dying a laughable and pathetic death on his way back from buying a game, high school student and recluse Kazuma Satou finds himself sitting before a beautiful but obnoxious goddess named Aqua. She provides the NEET with two options: continue on to heaven or reincarnate in every gamer's dream—a real fantasy world! Choosing to start a new life, Kazuma is quickly tasked with defeating a Demon King who is terrorizing villages. But before he goes, he can choose one item of any kind to aid him in his quest, and the future hero selects Aqua. But Kazuma has made a grave mistake—Aqua is completely useless!

Unfortunately, their troubles don't end here; it turns out that living in such a world is far different from how it plays out in a game. Instead of going on a thrilling adventure, the duo must first work to pay for their living expenses. Indeed, their misfortunes have only just begun!",TV,10.0,"Jan 14, 2016 to Mar 17, 2016",winter 2016,Finished Airing,"Half H.P Studio, Nippon Columbia, KlockWorx, Sony Music Communications, Toranoana, 81 Produce, Kadokawa Media House, Kadokawa","Discotek Media, Crunchyroll",Studio Deen,Light novel,23 min per ep,PG-13 - Teens 13 or older,442.0,38,43506,1212458.0,1862270,https://cdn.myanimelist.net/images/anime/8/77831.jpg
32182,Mob Psycho 100,Mob Psycho 100,モブサイコ100,8.49,"Action, Comedy, Supernatural","Eighth-grader Shigeo ""Mob"" Kageyama has tapped into his inner wellspring of psychic prowess at a young age. But the power quickly proves to be a liability when he realizes the potential danger in his skills. Choosing to suppress his power, Mob's only present use for his ability is to impress his longtime crush, Tsubomi, who soon grows bored of the same tricks.

In order to effectuate control on his skills, Mob enlists himself under the wing of Arataka Reigen, a con artist claiming to be a psychic, who exploits Mob's powers for pocket change. Now, exorcising evil spirits on command has become a part of Mob's daily, monotonous life. However, the psychic energy he exerts is barely the tip of the iceberg; if his vast potential and unrestrained emotions run berserk, a cataclysmic event that would render him completely unrecognizable will be triggered. The progression toward Mob's explosion is rising and attempting to stop it is futile.",TV,12.0,"Jul 11, 2016 to Sep 27, 2016",summer 2016,Finished Airing,"Warner Bros. Japan, KlockWorx, BS Fuji, Hakuhodo DY Music & Pictures, Shogakukan","Funimation, Crunchyroll",Bones,Web manga,24 min per ep,PG-13 - Teens 13 or older,130.0,32,45435,1202295.0,1956538,https://cdn.myanimelist.net/images/anime/8/80356.jpg
10620,Mirai Nikki (TV),The Future Diary,未来日記,7.42,"Action, Supernatural, Suspense","Yukiteru Amano is a shy middle schooler who regularly keeps track of what he does in his daily life by writing down all of his activities on his phone—a digital diary. Despite having no friends at school, Yukiteru is frequently seen talking to his supposedly imaginary friends Deus Ex Machina, the god of time and space; and Deus' servant, Mur Mur.

One day, Yukiteru wakes up and discovers that certain events of his day are preemptively displayed on his cellphone. While initially dismissing it as a coincidence, he slowly realizes that the incidents written in his phone actually take place in the near future. After spending the day benefiting from this new asset, Yukiteru learns that his classmate Yuno Gasai possesses a similar diary.

As the two team up to defeat an odd pursuer and head back to their respective homes, Deus Ex Machina explains that they—alongside 10 other contestants—have been drawn into a survival game whose victor will become the deity's successor. With no other options, Yukiteru and Yuno must use their cellphones—now called ""Future Diaries""—to survive this unforgiving battle royale.",TV,26.0,"Oct 9, 2011 to Apr 15, 2012",fall 2011,Finished Airing,"Lantis, Kadokawa Shoten, Rakuonsha, Kadokawa Pictures Japan, KlockWorx, chara-ani.com, 12 Diary Holders, Dwango, Sakura Create",Funimation,asread.,Manga,23 min per ep,R+ - Mild Nudity,1983.0,33,30182,1176438.0,1946264,https://cdn.myanimelist.net/images/anime/13/33465.jpg
20583,Haikyuu!!,Haikyu!!,ハイキュー!!,8.44,Sports,"Ever since having witnessed the ""Little Giant"" and his astonishing skills on the volleyball court, Shouyou Hinata has been bewitched by the dynamic nature of the sport. Even though his attempt to make his debut as a volleyball regular during a middle school tournament went up in flames, he longs to prove that his less-than-impressive height ceases to be a hindrance in the face of his sheer will and perseverance.

When Hinata enrolls in Karasuno High School, the Little Giant's alma mater, he believes that he is one step closer to his goal of becoming a professional volleyball player. Although the school only retains a shadow of its former glory, Hinata's conviction isn't shaken until he learns that Tobio Kageyama—the prodigy who humiliated Hinata's middle school volleyball team in a crushing defeat—is now his teammate.

To fulfill his desire of leaving a mark on the realm of volleyball—so often regarded as the domain of the tall and the strong—Hinata must smooth out his differences with Kageyama. Only when Hinata learns what it takes to be a part of a team will he be able to join the race to the top in earnest.",TV,25.0,"Apr 6, 2014 to Sep 21, 2014",spring 2014,Finished Airing,"Dentsu, Mainichi Broadcasting System, Movic, TOHO animation, Shueisha, Spacey Music Entertainment",Sentai Filmworks,Production I.G,Manga,24 min per ep,PG-13 - Teens 13 or older,151.0,36,70904,1164775.0,1870150,https://cdn.myanimelist.net/images/anime/7/76014.jpg
27899,Tokyo Ghoul √A,Tokyo Ghoul √A,東京喰種√A,7.02,"Action, Fantasy, Horror","Ken Kaneki has finally come to accept the monstrous, flesh-craving part of himself that he has feared and despised for so long. After escaping captivity and torture, Kaneki joins Aogiri Tree—the very militant ghoul organization that had abducted him, leading his friends to question his true motive and loyalty.

As tension between the government and the ghouls continues to rise, the Commission of Counter Ghoul, the government's specialized anti-ghoul agency, has intensified their efforts to completely purge Tokyo of ghouls. This threatens the transient peace of Kaneki's friends and former comrades—the ghouls at the Anteiku coffee shop. Aware of the dangerous situation, Kaneki faces several battles that puts his precious fleeting humanity on the line.",TV,12.0,"Jan 9, 2015 to Mar 27, 2015",winter 2015,Finished Airing,"Marvelous AQL, Shueisha",Funimation,Pierrot,Manga,24 min per ep,R - 17+ (violence & profanity),3920.0,46,10324,1157527.0,1707428,https://cdn.myanimelist.net/images/anime/1889/123307.jpg
2904,Code Geass: Hangyaku no Lelouch R2,Code Geass: Lelouch of the Rebellion R2,コードギアス 反逆のルルーシュ 続編,8.91,"Action, Award Winning, Drama, Sci-Fi","One year has passed since the Black Rebellion, a failed uprising against the Holy Britannian Empire led by the masked vigilante Zero, who is now missing. At a loss without their revolutionary leader, Area 11's resistance group—the Black Knights—find themselves too powerless to combat the brutality inflicted upon the Elevens by Britannia, which has increased significantly in order to crush any hope of a future revolt. 

Lelouch Lamperouge, having lost all memory of his double life, is living peacefully alongside his friends as a high school student at Ashford Academy. His former partner C.C., unable to accept this turn of events, takes it upon herself to remind him of his past purpose, hoping that the mastermind Zero will rise once again to finish what he started, in this thrilling conclusion to the series.",TV,25.0,"Apr 6, 2008 to Sep 28, 2008",spring 2008,Finished Airing,"Bandai Visual, Mainichi Broadcasting System, Bandai, Bandai Namco Entertainment, Hakuhodo DY Media Partners","Funimation, Bandai Entertainment",Sunrise,Original,24 min per ep,R - 17+ (violence & profanity),20.0,47,74578,1145264.0,1699634,https://cdn.myanimelist.net/images/anime/1088/135089.jpg
24833,Ansatsu Kyoushitsu,Assassination Classroom,暗殺教室,8.09,"Action, Comedy","Tucked in the mountains near the elite Kunugigaoka Middle School lies a small derelict building that houses the delinquents and dropouts of Class 3-E. Looked down upon by their peers, the students in this class appear to have little hope in advancing their academic careers. That is, until the national government tasks them with eliminating the greatest threat to their planet: their new teacher. 

Having already destroyed the moon, the octopus-like professor—dubbed ""Koro-sensei""—has now threatened to destroy the Earth by March of the following year. In light of their mission, the students have found that killing him is easier said than done. Not only can Koro-sensei move at speeds of up to Mach 20, but he can also resist almost every earthly weapon. Ironically, he also proves to be one of the best teachers Class 3-E has ever had. Training the class to excel in both their studies as students and skills as assassins, Koro-sensei is confident that his students' ingenuity and indomitable will could return them to the main campus. 

Through trial and error, Nagisa Shiota, as well as the other students of Class 3-E, must figure out Koro-sensei's weaknesses—and fast, for the very fate of the world depends upon it.",TV,22.0,"Jan 10, 2015 to Jun 20, 2015",winter 2015,Finished Airing,"Dentsu, Studio Hibari, Fuji TV, DAX Production, BS Fuji, Avex Pictures, Shueisha",Funimation,Lerche,Manga,23 min per ep,PG-13 - Teens 13 or older,468.0,34,28752,1132903.0,1914784,https://cdn.myanimelist.net/images/anime/5/75639.jpg
9919,Ao no Exorcist,Blue Exorcist,青の祓魔師(エクソシスト),7.5,"Action, Fantasy","Humans and demons are two sides of the same coin, as are Assiah and Gehenna, their respective worlds. The only way to travel between the realms is by the means of possession, like in ghost stories. However, Satan, the ruler of Gehenna, cannot find a suitable host to possess and therefore, remains imprisoned in his world. In a desperate attempt to conquer Assiah, he sends his son instead, intending for him to eventually grow into a vessel capable of possession by the demon king.

Ao no Exorcist follows Rin Okumura who appears to be an ordinary, somewhat troublesome teenager—that is until one day he is ambushed by demons. His world turns upside down when he discovers that he is in fact the very son of Satan and that his demon father wishes for him to return so they can conquer Assiah together. Not wanting to join the king of Gehenna, Rin decides to begin training to become an exorcist so that he can fight to defend Assiah alongside his brother Yukio.",TV,25.0,"Apr 17, 2011 to Oct 2, 2011",spring 2011,Finished Airing,"Aniplex, Dentsu, Mainichi Broadcasting System, Movic, Sakura Create, Shueisha",Aniplex of America,A-1 Pictures,Manga,24 min per ep,PG-13 - Teens 13 or older,1700.0,40,16692,1118263.0,1854727,https://cdn.myanimelist.net/images/anime/10/75195.jpg
22535,Kiseijuu: Sei no Kakuritsu,Parasyte: The Maxim,寄生獣 セイの格率,8.34,"Action, Horror, Sci-Fi","All of a sudden, they arrived: parasitic aliens that descended upon Earth and quickly infiltrated humanity by burrowing into the brains of vulnerable targets. These insatiable beings acquire full control of their host and are able to morph into a variety of forms in order to feed on unsuspecting prey.
 
Sixteen-year-old high school student Shinichi Izumi falls victim to one of these parasites, but it fails to take over his brain, ending up in his right hand instead. Unable to relocate, the parasite, now named Migi, has no choice but to rely on Shinichi in order to stay alive. Thus, the pair is forced into an uneasy coexistence and must defend themselves from hostile parasites that hope to eradicate this new threat to their species.",TV,24.0,"Oct 9, 2014 to Mar 26, 2015",fall 2014,Finished Airing,"VAP, Kodansha, Nippon Television Network, Forecast Communications",Sentai Filmworks,Madhouse,Manga,23 min per ep,R - 17+ (violence & profanity),210.0,42,33548,1103538.0,1781551,https://cdn.myanimelist.net/images/anime/3/73178.jpg
269,Bleach,Bleach,BLEACH - ブリーチ -,7.92,"Action, Adventure, Fantasy","Ichigo Kurosaki is an ordinary high schooler—until his family is attacked by a Hollow, a corrupt spirit that seeks to devour human souls. It is then that he meets a Soul Reaper named Rukia Kuchiki, who gets injured while protecting Ichigo's family from the assailant. To save his family, Ichigo accepts Rukia's offer of taking her powers and becomes a Soul Reaper as a result.

However, as Rukia is unable to regain her powers, Ichigo is given the daunting task of hunting down the Hollows that plague their town. However, he is not alone in his fight, as he is later joined by his friends—classmates Orihime Inoue, Yasutora Sado, and Uryuu Ishida—who each have their own unique abilities. As Ichigo and his comrades get used to their new duties and support each other on and off the battlefield, the young Soul Reaper soon learns that the Hollows are not the only real threat to the human world.",TV,366.0,"Oct 5, 2004 to Mar 27, 2012",fall 2004,Finished Airing,"TV Tokyo, Aniplex, Dentsu, TV Tokyo Music, Studio Kelmadick, Shueisha",VIZ Media,Pierrot,Manga,24 min per ep,PG-13 - Teens 13 or older,686.0,39,68896,1069200.0,1856976,https://cdn.myanimelist.net/images/anime/3/40451.jpg
37450,Seishun Buta Yarou wa Bunny Girl Senpai no Yume wo Minai,Rascal Does Not Dream of Bunny Girl Senpai,青春ブタ野郎はバニーガール先輩の夢を見ない,8.24,"Drama, Romance, Supernatural","The rare and inexplicable Puberty Syndrome is thought of as a myth. It is a rare disease which only affects teenagers, and its symptoms are so supernatural that hardly anyone recognizes it as a legitimate occurrence. However, high school student Sakuta Azusagawa knows from personal experience that it is very much real, and happens to be quite prevalent in his school.

Mai Sakurajima is a third-year high school student who gained fame in her youth as a child actress, but recently halted her promising career for reasons unknown to the public. With an air of unapproachability, she is well known throughout the school, but none dare interact with her—that is until Sakuta sees her wandering the library in a bunny girl costume. Despite the getup, no one seems to notice her, and after confronting her, he realizes that she is another victim of Puberty Syndrome. As Sakuta tries to help Mai through her predicament, his actions bring him into contact with more girls afflicted with the elusive disease.",TV,13.0,"Oct 4, 2018 to Dec 27, 2018",fall 2018,Finished Airing,"Aniplex, Tokyo MX, Hakuhodo DY Music & Pictures, Nagoya Broadcasting Network, BS11, ABC Animation, Kadokawa",Aniplex of America,CloverWorks,Light novel,24 min per ep,PG-13 - Teens 13 or older,308.0,52,44977,1041646.0,1637954,https://cdn.myanimelist.net/images/anime/1301/93586.jpg
37999,Kaguya-sama wa Kokurasetai: Tensai-tachi no Renai Zunousen,Kaguya-sama: Love is War,かぐや様は告らせたい～天才たちの恋愛頭脳戦～,8.41,Comedy,"At the renowned Shuchiin Academy, Miyuki Shirogane and Kaguya Shinomiya are the student body's top representatives. Ranked the top student in the nation and respected by peers and mentors alike, Miyuki serves as the student council president. Alongside him, the vice president Kaguya—eldest daughter of the wealthy Shinomiya family—excels in every field imaginable. They are the envy of the entire student body, regarded as the perfect couple.

However, despite both having already developed feelings for the other, neither are willing to admit them. The first to confess loses, will be looked down upon, and will be considered the lesser. With their honor and pride at stake, Miyuki and Kaguya are both equally determined to be the one to emerge victorious on the battlefield of love!",TV,12.0,"Jan 12, 2019 to Mar 30, 2019",winter 2019,Finished Airing,"Aniplex, Mainichi Broadcasting System, Magic Capsule, Shueisha, JR East Marketing & Communications",Aniplex of America,A-1 Pictures,Manga,25 min per ep,PG-13 - Teens 13 or older,172.0,53,37697,1030416.0,1632893,https://cdn.myanimelist.net/images/anime/1295/106551.jpg
30,Neon Genesis Evangelion,Neon Genesis Evangelion,新世紀エヴァンゲリオン,8.35,"Action, Avant Garde, Award Winning, Drama, Sci-Fi, Suspense","Fifteen years after a cataclysmic event known as the Second Impact, the world faces a new threat: monstrous celestial beings called ""Angels"" invade Tokyo-3 one by one. Mankind is unable to defend themselves against the Angels despite utilizing their most advanced munitions and military tactics. The only hope for human salvation rests in the hands of NERV, a mysterious organization led by the cold Gendou Ikari. NERV operates giant humanoid robots dubbed ""Evangelions"" to combat the Angels with state-of-the-art advanced weaponry and protective barriers known as Absolute Terror Fields.

Years after being abandoned by his father, Shinji Ikari, Gendou's 14-year-old son, returns to Tokyo-3. Shinji undergoes a perpetual internal battle against the deeply buried trauma caused by the loss of his mother and the emotional neglect he suffered at the hands of his father. Terrified to open himself up to another, Shinji's life is forever changed upon meeting 29-year-old Misato Katsuragi, a high-ranking NERV officer who shows him a free-spirited maternal kindness he has never experienced.

A devastating Angel attack forces Shinji into action as Gendou reveals his true motive for inviting his son back to Tokyo-3: Shinji is the only child capable of efficiently piloting Evangelion Unit-01, a new robot that synchronizes with his biometrics. Despite the brutal psychological trauma brought about by piloting an Evangelion, Shinji defends Tokyo-3 against the angelic threat, oblivious to his father's dark machinations.",TV,26.0,"Oct 4, 1995 to Mar 27, 1996",fall 1995,Finished Airing,"TV Tokyo, Kadokawa Shoten, Nihon Ad Systems, Audio Tanaka","ADV Films, GKIDS","Gainax, Tatsunoko Production",Original,24 min per ep,PG-13 - Teens 13 or older,204.0,45,100638,1024927.0,1718019,https://cdn.myanimelist.net/images/anime/1314/108941.jpg
38408,Boku no Hero Academia 4th Season,My Hero Academia Season 4,僕のヒーローアカデミア,7.91,Action,"After successfully passing his Provisional Hero License exam, Izuku ""Deku"" Midoriya seeks out an extracurricular internship with a professional hero agency. At the recommendation of his mentor All Might, Midoriya lands a position under All Might's former sidekick, Sir Nighteye, now a famous hero in his own right.

As Midoriya's classmates further their own abilities through various internships, up-and-coming villain Kai Chisaki utilizes his terrifying powers to gather favor in the criminal underworld. Known by the moniker Overhaul, Chisaki's ambitions collide with the League of Villains and its leader, Tomura Shigaraki.

Through his work with Sir Nighteye, Midoriya discovers Chisaki's crime syndicate and the villain's hostile relationship with a mysterious young girl named Eri. Fearing for the child's safety, Midoriya and his upperclassman Mirio Toogata must work together to put an end to Chisaki's reign of terror.",TV,25.0,"Oct 12, 2019 to Apr 4, 2020",fall 2019,Finished Airing,"Dentsu, Yomiuri Telecasting, Movic, Sony Music Entertainment, TOHO animation, Shueisha",Funimation,Bones,Manga,24 min per ep,PG-13 - Teens 13 or older,707.0,54,8217,1020099.0,1632615,https://cdn.myanimelist.net/images/anime/1412/107914.jpg
14719,JoJo no Kimyou na Bouken (TV),JoJo's Bizarre Adventure (2012),ジョジョの奇妙な冒険,7.89,"Action, Adventure, Supernatural","The year is 1868; English nobleman George Joestar and his son Jonathan become indebted to Dario Brando after being rescued from a carriage incident. What the Joestars don't realize, however, is that Dario had no intention of helping them; he believed they were dead and was trying to ransack their belongings. After Dario's death 12 years later, George—hoping to repay his debt—adopts his son, Dio. 

While he publicly fawns over his new father, Dio secretly plans to steal the Joestar fortune. His first step is to create a divide between George and Jonathan. By constantly outdoing his foster brother, Dio firmly makes his place in the Joestar family. But when Dio pushes Jonathan too far, Jonathan defeats him in a brawl. 

Years later, the two appear to be close friends to the outside world. But trouble brews again when George falls ill, as Jonathan suspects that Dio is somehow behind the incident—and it appears he has more tricks up his sleeve.",TV,26.0,"Oct 6, 2012 to Apr 6, 2013",fall 2012,Finished Airing,"Yomiko Advertising, Warner Bros. Japan, Kamikaze Douga, KlockWorx, Shueisha","VIZ Media, Warner Bros. Pictures",David Production,Manga,24 min per ep,R - 17+ (violence & profanity),750.0,59,35830,1014895.0,1572178,https://cdn.myanimelist.net/images/anime/3/40409.jpg
38691,Dr. Stone,Dr. Stone,ドクターストーン,8.29,"Adventure, Comedy, Sci-Fi","After five years of harboring unspoken feelings, high-schooler Taiju Ooki is finally ready to confess his love to Yuzuriha Ogawa. Just when Taiju begins his confession however, a blinding green light strikes the Earth and petrifies mankind around the world—turning every single human into stone.

Several millennia later, Taiju awakens to find the modern world completely nonexistent, as nature has flourished in the years humanity stood still. Among a stone world of statues, Taiju encounters one other living human: his science-loving friend Senkuu, who has been active for a few months. Taiju learns that Senkuu has developed a grand scheme—to launch the complete revival of civilization with science. Taiju's brawn and Senkuu's brains combine to forge a formidable partnership, and they soon uncover a method to revive those petrified.

However, Senkuu's master plan is threatened when his ideologies are challenged by those who awaken. All the while, the reason for mankind's petrification remains unknown.",TV,24.0,"Jul 5, 2019 to Dec 13, 2019",summer 2019,Finished Airing,"TOHO animation, Shueisha, 8PAN","Funimation, Crunchyroll",TMS Entertainment,Manga,24 min per ep,PG-13 - Teens 13 or older,255.0,55,27001,986159.0,1630125,https://cdn.myanimelist.net/images/anime/1613/102576.jpg
6702,Fairy Tail,Fairy Tail,FAIRY TAIL（フェアリーテイル）,7.57,"Action, Adventure, Fantasy","In the enchanted Kingdom of Fiore, the lively Lucy Heartfilia has one wish: to join the renowned Fairy Tail—one of the many magical wizard guilds scattered around the continent. Luckily, a chance encounter with Natsu Dragneel, the ""Salamander"" of Fairy Tail, whisks her into the legendary guild.

From Natsu's rivalrous antics with ice wizard Gray Fullbuster to the frightening presence of the unmatched combat goddess Erza Scarlet, Fairy Tail's powerful mages have a slight penchant for trouble. Through all the lucrative odd jobs and adventures to save the world from destruction lies an absolute and unyielding trust stronger than family that has formed between each guild member.

Teaming up with Natsu, Gray, and Erza, Lucy finds herself amidst the guild's most misfit wizards. But as they constantly stand in the eye of every danger, there is one name that never ceases to resurface: Zeref, the feared master of dark magic.",TV,175.0,"Oct 12, 2009 to Mar 30, 2013",fall 2009,Finished Airing,"TV Tokyo, Dentsu, Pony Canyon, Kodansha, DAX Production, Sakura Create",Funimation,"Satelight, A-1 Pictures",Manga,24 min per ep,PG-13 - Teens 13 or older,1479.0,49,45524,981322.0,1681333,https://cdn.myanimelist.net/images/anime/5/18179.jpg
35849,Darling in the FranXX,DARLING in the FRANXX,ダーリン・イン・ザ・フランキス,7.21,"Action, Drama, Romance, Sci-Fi","In the distant future, humanity has been driven to near-extinction by giant beasts known as Klaxosaurs, forcing the surviving humans to take refuge in massive fortress cities called Plantations. Children raised here are trained to pilot giant mechas known as FranXX—the only weapons known to be effective against the Klaxosaurs—in boy-girl pairs. Bred for the sole purpose of piloting these machines, these children know nothing of the outside world and are only able to prove their existence by defending their race.  

Hiro, an aspiring FranXX pilot, has lost his motivation and self-confidence after failing an aptitude test. Skipping out on his class' graduation ceremony, Hiro retreats to a forest lake, where he encounters a mysterious girl with two horns growing out of her head. She introduces herself by her codename Zero Two, which is known to belong to an infamous FranXX pilot known as the ""Partner Killer."" Before Hiro can digest the encounter, the Plantation is rocked by a sudden Klaxosaur attack. Zero Two engages the creature in her FranXX, but it is heavily damaged in the skirmish and crashes near Hiro. Finding her partner dead, Zero Two invites Hiro to pilot the mecha with her, and the duo easily defeats the Klaxosaur in the ensuing fight. With a new partner by his side, Hiro has been given a chance at redemption for his past failures, but at what cost?",TV,24.0,"Jan 13, 2018 to Jul 7, 2018",winter 2018,Finished Airing,"Aniplex, Khara, Movic, Ultra Super Pictures, Lucent Pictures Entertainment, Tokyo MX, Nagoya Broadcasting Network, Asahi Broadcasting, BS11, Lawson, ABC Animation, Rialto Entertainment",Funimation,"A-1 Pictures, Trigger, CloverWorks",Original,24 min per ep,PG-13 - Teens 13 or older,2985.0,61,31121,969948.0,1566412,https://cdn.myanimelist.net/images/anime/1614/90408.jpg
28171,Shokugeki no Souma,Food Wars! Shokugeki no Soma,食戟のソーマ,8.16,"Gourmet, Ecchi","Souma Yukihira has been cooking alongside his father Jouichirou for as long as he can remember. As a sous chef at his father's restaurant, he has spent years developing his culinary expertise and inventing new dishes to amaze their customers. He aspires to exceed his father's skill and take over the restaurant one day, but he is shocked to learn that Jouichirou is closing up the shop to take a job in New York.

Rather than tagging along with his father, Souma finds himself enrolling at the prestigious Tootsuki Culinary Academy, where only 10 percent of its students end up graduating. The school is famous for its ""Shokugeki""—intense cooking competitions between students often used to settle debates and arguments. Jouichirou tells Souma that to surpass him and survive the next three years at Tootsuki and graduate there.

The academy's brutal curriculum and fiercely competitive student body await the young chef, who must learn to navigate the treacherous environment if he wants to stand a chance at realizing his dreams. But is skill alone enough to let him rise to the top?",TV,24.0,"Apr 4, 2015 to Sep 26, 2015",spring 2015,Finished Airing,"Dentsu, Frontier Works, Mainichi Broadcasting System, Magic Capsule, Warner Bros. Japan, KlockWorx, Showgate, Shueisha, I Will",Sentai Filmworks,J.C.Staff,Manga,25 min per ep,PG-13 - Teens 13 or older,398.0,58,23435,967773.0,1585095,https://cdn.myanimelist.net/images/anime/3/72943.jpg
28223,Death Parade,Death Parade,デス・パレード,8.15,"Drama, Supernatural, Suspense","After death, either Heaven or Hell awaits most humans. But for a select few, death brings them to Quindecim—a bar where only pairs of people who die at the same time can enter. Attending the bar is an enigmatic figure known as Decim, who also acts as the arbiter. He passes judgment on those who wind up at Quindecim by challenging them to a life-threatening game. These games determine if the patron's soul will reincarnate into a new life, or be sent into the void, never to be seen again.

From darts and bowling to fighting games, the true nature of each patron slowly comes to light as they wager their souls. Though his methods remain unchanged, the sudden appearance of a black-haired amnesiac causes Decim to reevaluate his own rulings.",TV,12.0,"Jan 10, 2015 to Mar 28, 2015",winter 2015,Finished Airing,"VAP, DAX Production, Nippon Television Network",Funimation,Madhouse,Original,23 min per ep,R - 17+ (violence & profanity),402.0,48,27492,964617.0,1688655,https://cdn.myanimelist.net/images/anime/5/71553.jpg
11111,Another,Another,アナザー,7.48,"Horror, Mystery, Supernatural","In class 3-3 of Yomiyama North Junior High, transfer student Kouichi Sakakibara makes his return after taking a sick leave for the first month of school. Among his new classmates, he is inexplicably drawn toward Mei Misaki—a reserved girl with an eyepatch whom he met in the hospital during his absence. But none of his classmates acknowledge her existence; they warn him not to acquaint himself with things that do not exist. Against their words of caution, Kouichi befriends Mei—soon learning of the sinister truth behind his friends' apprehension.

The ominous rumors revolve around a former student of the class 3-3. However, no one will share the full details of the grim event with Kouichi. Engrossed in the curse that plagues his class, Kouichi sets out to discover its connection to his new friend. As a series of tragedies arise around them, it is now up to Kouichi, Mei, and their classmates to unravel the eerie mystery—but doing so will come at a hefty price.",TV,12.0,"Jan 10, 2012 to Mar 27, 2012",winter 2012,Finished Airing,"Lantis, Kadokawa Shoten, Toho, KlockWorx, Bandai Namco Live Creative, NTT Docomo",Sentai Filmworks,P.A. Works,Novel,24 min per ep,R - 17+ (violence & profanity),1780.0,56,17080,957896.0,1605359,https://cdn.myanimelist.net/images/anime/4/75509.jpg
32937,Kono Subarashii Sekai ni Shukufuku wo! 2,KonoSuba: God's Blessing on This Wonderful World! 2,この素晴らしい世界に祝福を！ 2,8.27,"Adventure, Comedy, Fantasy","When Kazuma Satou died, he was given two choices: pass on to heaven or be revived in a fantasy world. After choosing the new world, the goddess Aqua tasked him with defeating the Demon King, and let him choose any weapon to aid him. Unfortunately, Kazuma chose to bring Aqua herself and has regretted the decision ever since then.

Not only is he stuck with a useless deity turned party archpriest, the pair also has to make enough money for living expenses. To add to their problems, their group continued to grow as more problematic adventurers joined their ranks. Their token spellcaster, Megumin, is an explosion magic specialist who can only cast one spell once per day and refuses to learn anything else. There is also their stalwart crusader, Lalatina ""Darkness"" Dustiness Ford, a helpless masochist who makes Kazuma look pure in comparison.

Kono Subarashii Sekai ni Shukufuku wo! 2 continues to follow Kazuma and the rest of his party through countless more adventures as they struggle to earn money and have to deal with one another's problematic personalities. However, things rarely go as planned, and they are often sidetracked by their own idiotic tendencies.",TV,10.0,"Jan 12, 2017 to Mar 16, 2017",winter 2017,Finished Airing,"Kadokawa Shoten, Nippon Columbia, KlockWorx, Sony Music Communications, Toranoana, 81 Produce, Kadokawa Media House",Discotek Media,Studio Deen,Light novel,23 min per ep,PG-13 - Teens 13 or older,275.0,74,11709,957748.0,1437771,https://cdn.myanimelist.net/images/anime/2/83188.jpg
34134,One Punch Man 2nd Season,One Punch Man Season 2,ワンパンマン,7.5,"Action, Comedy","In the wake of defeating Boros and his mighty army, Saitama has returned to his unremarkable everyday life in Z-City. However, unbeknownst to him, the number of monsters appearing is still continuously on the rise, putting a strain on the Hero Association's resources. Their top executives decide on the bold move of recruiting hoodlums in order to help in their battle. But during the first meeting with these potential newcomers, a mysterious man calling himself Garou makes his appearance. Claiming to be a monster, he starts mercilessly attacking the crowd.

The mysterious Garou continues his rampage against the Hero Association, crushing every hero he encounters. He turns out to be the legendary martial artist Silverfang's best former disciple and seems driven by unknown motives. Regardless, this beast of a man seems unstoppable. Intrigued by this puzzling new foe and with an insatiable thirst for money, Saitama decides to seize the opportunity and joins the interesting martial arts competition.

As the tournament commences and Garou continues his rampage, a new great menace reveals itself, threatening the entire human world. Could this finally be the earth-shattering catastrophe predicted by the great seer Madame Shibabawa?",TV,12.0,"Apr 10, 2019 to Jul 3, 2019",spring 2019,Finished Airing,"TV Tokyo, Good Smile Company, Shueisha, JR East Marketing & Communications, Bandai Namco Arts, Bandai Spirits",VIZ Media,J.C.Staff,Web manga,23 min per ep,R - 17+ (violence & profanity),1716.0,57,6291,954576.0,1590757,https://cdn.myanimelist.net/images/anime/1247/122044.jpg
9989,Ano Hi Mita Hana no Namae wo Bokutachi wa Mada Shiranai.,Anohana: The Flower We Saw That Day,あの日見た花の名前を僕達はまだ知らない。,8.31,"Drama, Supernatural","Jinta Yadomi is peacefully living as a recluse, spending his days away from school and playing video games at home instead. One hot summer day, his childhood friend, Meiko ""Menma"" Honma, appears and pesters him to grant a forgotten wish. He pays her no mind, which annoys her, but he doesn't really care. After all, Menma already died years ago.

At first, Jinta thinks that he is merely hallucinating due to the summer heat, but he is later on convinced that what he sees truly is the ghost of Menma. Jinta and his group of childhood friends grew apart after her untimely death, but they are drawn together once more as they try to lay Menma's spirit to rest. Re-living their pain and guilt, will they be able to find the strength to help not only Menma move on—but themselves as well?",TV,11.0,"Apr 15, 2011 to Jun 24, 2011",spring 2011,Finished Airing,"Aniplex, Dentsu, Fuji TV, Fujipacific Music","NIS America, Inc., Aniplex of America",A-1 Pictures,Original,22 min per ep,PG-13 - Teens 13 or older,236.0,63,32233,952880.0,1554178,https://cdn.myanimelist.net/images/anime/5/79697.jpg
28999,Charlotte,Charlotte,Charlotte（シャーロット）,7.75,Drama,"If not for his ability to take over people's mind and body, Yuu Otosaka would be an ordinary high school student. Though it only lasts for five seconds at a time, Yuu's mysterious power allowed him to cheat his way to the top of his class and  enter a prestigious high school, where he continues his dishonest acts.

His shenanigans are eventually stopped by Nao Tomori—the headstrong student council president from Hoshinoumi Academy—who sees through his deceit. Through coercion, Nao convinces Yuu to transfer to Hoshinoumi and join the student council. Hoshinoumi Academy is secretly an institution created for adolescents who possess supernatural abilities—with the student council serving as a means of locating those who abuse their powers.

With Yuu begrudgingly assisting in council affairs, the group sets out to find and protect new ability users from harm. However, as they further investigate the abilities, their findings entangle them in far more complicated matters than they could ever imagine.",TV,13.0,"Jul 5, 2015 to Sep 27, 2015",summer 2015,Finished Airing,"Aniplex, Mainichi Broadcasting System, Movic, Visual Arts, ASCII Media Works, Tokyo MX, BS11",Aniplex of America,P.A. Works,Original,24 min per ep,PG-13 - Teens 13 or older,1025.0,66,22180,939070.0,1536653,https://cdn.myanimelist.net/images/anime/12/74683.jpg
35790,Tate no Yuusha no Nariagari,The Rising of the Shield Hero,盾の勇者の成り上がり,7.98,"Action, Adventure, Drama, Fantasy","The Four Cardinal Heroes are a group of ordinary men from modern-day Japan summoned to the kingdom of Melromarc to become its saviors. Melromarc is a country plagued by the Waves of Catastrophe that have repeatedly ravaged the land and brought disaster to its citizens for centuries. The four heroes are respectively bestowed a sword, spear, bow, and shield to vanquish these Waves. Naofumi Iwatani, an otaku, becomes cursed with the fate of being the ""Shield Hero."" Armed with only a measly shield, Naofumi is belittled and ridiculed by his fellow heroes and the kingdom's people due to his weak offensive capabilities and lackluster personality.

When the heroes are provided with resources and comrades to train with, Naofumi sets out with the only person willing to train alongside him, Malty Melromarc. He is soon betrayed by her, however, and becomes falsely accused of taking advantage of her. Naofumi then becomes heavily discriminated against and hated by the people of Melromarc for something he didn't do. With a raging storm of hurt and mistrust in his heart, Naofumi begins his journey of strengthening himself and his reputation. Further along however, the difficulty of being on his own sets in, so Naofumi buys a demi-human slave on the verge of death named Raphtalia to accompany him on his travels.

As the Waves approach the kingdom, Naofumi and Raphtalia must fight for the survival of the kingdom and protect the people of Melromarc from their ill-fated future.",TV,25.0,"Jan 9, 2019 to Jun 26, 2019",winter 2019,Finished Airing,"Frontier Works, AT-X, Nippon Columbia, Glovision, Good Smile Company, Sammy, Crunchyroll, Kadokawa Media House, NTT Plala, Kadokawa",Funimation,Kinema Citrus,Light novel,24 min per ep,PG-13 - Teens 13 or older,612.0,69,25354,932274.0,1497962,https://cdn.myanimelist.net/images/anime/1490/101365.jpg
15809,Hataraku Maou-sama!,The Devil is a Part-Timer!,はたらく魔王さま!,7.75,"Comedy, Fantasy","Striking fear into the hearts of mortals, the Demon Lord Satan begins to conquer the land of Ente Isla with his vast demon armies. However, while embarking on this brutal quest to take over the continent, his efforts are foiled by the hero Emilia, forcing Satan to make his swift retreat through a dimensional portal only to land in the human world. Along with his loyal general Alsiel, the demon finds himself stranded in modern-day Tokyo and vows to return and complete his subjugation of Ente Isla—that is, if they can find a way back!

Powerless in a world without magic, Satan assumes the guise of a human named Sadao Maou and begins working at MgRonald's—a local fast-food restaurant—to make ends meet. He soon realizes that his goal of conquering Ente Isla is just not enough as he grows determined to climb the corporate ladder and become the ruler of Earth, one satisfied customer at a time!

Whether it's part-time work, household chores, or simply trying to pay the rent on time, Hataraku Maou-sama! presents a hilarious view of the most mundane aspects of everyday life, all through the eyes of a hapless demon lord.",TV,13.0,"Apr 4, 2013 to Jun 27, 2013",spring 2013,Finished Airing,"Sotsu, Lantis, Pony Canyon, Magic Capsule, KlockWorx, ASCII Media Works, Showgate, Infinite",Funimation,White Fox,Light novel,24 min per ep,PG-13 - Teens 13 or older,1029.0,68,10849,923881.0,1504983,https://cdn.myanimelist.net/images/anime/3/50177.jpg
40456,Kimetsu no Yaiba Movie: Mugen Ressha-hen,Demon Slayer: Kimetsu no Yaiba - The Movie: Mugen Train,劇場版 鬼滅の刃 無限列車編,8.62,"Action, Fantasy","After a string of mysterious disappearances begin to plague a train, the Demon Slayer Corps' multiple attempts to remedy the problem prove fruitless. To prevent further casualties, the Flame Pillar, Kyoujurou Rengoku, takes it upon himself to eliminate the threat. Accompanying him are some of the Corps' most promising new blood: Tanjirou Kamado, Zenitsu Agatsuma, and Inosuke Hashibira, who all hope to witness the fiery feats of this model demon slayer firsthand.

Unbeknownst to them, the demonic forces responsible for the disappearances have already put their sinister plan in motion. Under this demonic presence, the group must muster every ounce of their willpower and draw their swords to save all two hundred passengers onboard. Kimetsu no Yaiba Movie: Mugen Ressha-hen delves into the deepest corners of Tanjirou's mind, putting his resolve and commitment to duty to the test.",Movie,1.0,"Oct 16, 2020",UNKNOWN,Finished Airing,"Aniplex, Shueisha",Aniplex of America,ufotable,Manga,1 hr 56 min,R - 17+ (violence & profanity),75.0,79,12766,923480.0,1399607,https://cdn.myanimelist.net/images/anime/1704/106947.jpg
18679,Kill la Kill,Kill la Kill,キルラキル,8.04,"Action, Comedy, Ecchi","After the murder of her father, Ryuuko Matoi has been wandering the land in search of his killer. Following her only lead—the missing half of his invention, the Scissor Blade—she arrives at the prestigious Honnouji Academy, a high school unlike any other. The academy is ruled by the imposing and cold-hearted student council president Satsuki Kiryuuin alongside her powerful underlings, the Elite Four. In the school's brutally competitive hierarchy, Satsuki bestows upon those at the top special clothes called ""Goku Uniforms,"" which grant the wearer unique superhuman abilities. 

Thoroughly beaten in a fight against one of the students in uniform, Ryuuko retreats to her razed home where she stumbles across Senketsu, a rare and sentient ""Kamui,"" or God Clothes. After coming into contact with Ryuuko's blood, Senketsu awakens, latching onto her and providing her with immense power. Now, armed with Senketsu and the Scissor Blade, Ryuuko makes a stand against the Elite Four, hoping to reach Satsuki and uncover the culprit behind her father's murder once and for all.",TV,24.0,"Oct 4, 2013 to Mar 28, 2014",fall 2013,Finished Airing,"Aniplex, Dentsu, Kadokawa Shoten, Mainichi Broadcasting System, Movic, Ultra Super Pictures, Lucent Pictures Entertainment",Aniplex of America,Trigger,Original,24 min per ep,PG-13 - Teens 13 or older,539.0,51,36880,918868.0,1659060,https://cdn.myanimelist.net/images/anime/1464/111943.jpg
28121,Dungeon ni Deai wo Motomeru no wa Machigatteiru Darou ka,Is It Wrong to Try to Pick Up Girls in a Dungeon?,ダンジョンに出会いを求めるのは間違っているだろうか,7.55,"Action, Adventure, Fantasy","Life in the bustling city of Orario is never dull, especially for Bell Cranel, a naïve young man who hopes to become the greatest adventurer in the land. After a chance encounter with the lonely goddess, Hestia, his dreams become a little closer to reality. With her support, Bell embarks on a fantastic quest as he ventures deep within the city's monster-filled catacombs, known only as the ""Dungeon."" Death lurks around every corner in the cavernous depths of this terrifying labyrinth, and a mysterious power moves amidst the shadows.

Even on the surface, survival is a hard-earned privilege. Indeed, nothing is ever certain in a world where gods and humans live and work together, especially when they often struggle to get along. One thing is for sure, though: a myriad of blunders, triumphs and friendships awaits the dauntlessly optimistic protagonist of this herculean tale.",TV,13.0,"Apr 4, 2015 to Jun 27, 2015",spring 2015,Finished Airing,"Genco, Movic, Warner Bros. Japan, KlockWorx, SoftBank Creative, Showgate, MAGES., FuRyu",Sentai Filmworks,J.C.Staff,Light novel,24 min per ep,PG-13 - Teens 13 or older,1543.0,70,11540,915249.0,1465082,https://cdn.myanimelist.net/images/anime/2/70187.jpg
33352,Violet Evergarden,Violet Evergarden,ヴァイオレット・エヴァーガーデン,8.67,"Drama, Fantasy","The Great War finally came to an end after four long years of conflict; fractured in two, the continent of Telesis slowly began to flourish once again. Caught up in the bloodshed was Violet Evergarden, a young girl raised for the sole purpose of decimating enemy lines. Hospitalized and maimed in a bloody skirmish during the War's final leg, she was left with only words from the person she held dearest, but with no understanding of their meaning.

Recovering from her wounds, Violet starts a new life working at CH Postal Services after a falling out with her new intended guardian family. There, she witnesses by pure chance the work of an ""Auto Memory Doll,"" amanuenses that transcribe people's thoughts and feelings into words on paper. Moved by the notion, Violet begins work as an Auto Memory Doll, a trade that will take her on an adventure, one that will reshape the lives of her clients and hopefully lead to self-discovery.",TV,13.0,"Jan 11, 2018 to Apr 5, 2018",winter 2018,Finished Airing,"Lantis, Pony Canyon, Rakuonsha, ABC Animation",Funimation,Kyoto Animation,Light novel,24 min per ep,PG-13 - Teens 13 or older,58.0,50,57755,914820.0,1676851,https://cdn.myanimelist.net/images/anime/1795/95088.jpg
1,Cowboy Bebop,Cowboy Bebop,カウボーイビバップ,8.75,"Action, Award Winning, Sci-Fi","Crime is timeless. By the year 2071, humanity has expanded across the galaxy, filling the surface of other planets with settlements like those on Earth. These new societies are plagued by murder, drug use, and theft, and intergalactic outlaws are hunted by a growing number of tough bounty hunters.

Spike Spiegel and Jet Black pursue criminals throughout space to make a humble living. Beneath his goofy and aloof demeanor, Spike is haunted by the weight of his violent past. Meanwhile, Jet manages his own troubled memories while taking care of Spike and the Bebop, their ship. The duo is joined by the beautiful con artist Faye Valentine, odd child Edward Wong Hau Pepelu Tivrusky IV, and Ein, a bioengineered Welsh Corgi.

While developing bonds and working to catch a colorful cast of criminals, the Bebop crew's lives are disrupted by a menace from Spike's past. As a rival's maniacal plot continues to unravel, Spike must choose between life with his newfound family or revenge for his old wounds.",TV,26.0,"Apr 3, 1998 to Apr 24, 1999",spring 1998,Finished Airing,Bandai Visual,"Funimation, Bandai Entertainment",Sunrise,Original,24 min per ep,R - 17+ (violence & profanity),41.0,43,78525,914193.0,1771505,https://cdn.myanimelist.net/images/anime/4/19644.jpg
8074,Highschool of the Dead,High School of the Dead,学園黙示録 HIGHSCHOOL OF THE DEAD,7.07,"Action, Horror, Supernatural, Ecchi","It happened suddenly: The dead began to rise and Japan was thrown into total chaos. As these monsters begin terrorizing a high school, Takashi Kimuro is forced to kill his best friend when he gets bitten and joins the ranks of the walking dead. Vowing to protect Rei Miyamoto, the girlfriend of the man he just executed, they narrowly escape their death trap of a school, only to be greeted with a society that has already fallen.

Soon, Takashi and Rei band together with other students on a journey to find their family members and uncover what caused this overwhelming pandemic. Joining them is Saeko Busujima, the beautiful president of the Kendo Club; Kouta Hirano, an otaku with a fetish for firearms; Saya Takagi, the daughter of an influential politician; and Shizuka Marikawa, their hot school nurse. But will the combined strength of these individuals be enough to conquer this undead apocalypse?",TV,12.0,"Jul 5, 2010 to Sep 20, 2010",summer 2010,Finished Airing,"Geneon Universal Entertainment, AT-X, Showgate",Sentai Filmworks,Madhouse,Manga,24 min per ep,R+ - Mild Nudity,3662.0,72,9928,913054.0,1451863,https://cdn.myanimelist.net/images/anime/11/78311.jpg
37510,Mob Psycho 100 II,Mob Psycho 100 II,モブサイコ100 II,8.8,"Action, Comedy, Supernatural","Shigeo ""Mob"" Kageyama is now maturing and understanding his role as a supernatural psychic that has the power to drastically affect the livelihood of others. He and his mentor Reigen Arataka continue to deal with supernatural requests from clients, whether it be exorcizing evil spirits or tackling urban legends that haunt the citizens.

While the workflow remains the same, Mob isn't just blindly following Reigen around anymore. With all his experiences as a ridiculously strong psychic, Mob's supernatural adventures now have more weight to them. Things take on a serious and darker tone as the dangers Mob and Reigen face are much more tangible and unsettling than ever before.",TV,13.0,"Jan 7, 2019 to Apr 1, 2019",winter 2019,Finished Airing,"Warner Bros. Japan, KlockWorx, BS Fuji, Hakuhodo DY Music & Pictures, Shogakukan",Funimation,Bones,Web manga,24 min per ep,PG-13 - Teens 13 or older,33.0,75,31617,902759.0,1432788,https://cdn.myanimelist.net/images/anime/1918/96303.jpg
29803,Overlord,Overlord,オーバーロード,7.91,"Action, Adventure, Fantasy","The final hour of the popular virtual reality game Yggdrasil has come. However, Momonga, a powerful wizard and master of the dark guild Ainz Ooal Gown, decides to spend his last few moments in the game as the servers begin to shut down. To his surprise, despite the clock having struck midnight, Momonga is still fully conscious as his character and, moreover, the non-player characters appear to have developed personalities of their own!

Confronted with this abnormal situation, Momonga commands his loyal servants to help him investigate and take control of this new world, with the hopes of figuring out what has caused this development and if there may be others in the same predicament.",TV,13.0,"Jul 7, 2015 to Sep 29, 2015",summer 2015,Finished Airing,"AT-X, Grooove, Hakuhodo DY Music & Pictures, Kadokawa",Funimation,Madhouse,Light novel,24 min per ep,R - 17+ (violence & profanity),715.0,67,25126,901412.0,1510995,https://cdn.myanimelist.net/images/anime/7/88019.jpg
28891,Haikyuu!! Second Season,Haikyu!! 2nd Season,ハイキュー!! セカンドシーズン,8.63,Sports,"Following their participation at the Inter-High, the Karasuno High School volleyball team attempts to refocus their efforts, aiming to conquer the Spring tournament instead. 

When they receive an invitation from long-standing rival Nekoma High, Karasuno agrees to take part in a large training camp alongside many notable volleyball teams in Tokyo and even some national level players. By playing with some of the toughest teams in Japan, they hope not only to sharpen their skills, but also come up with new attacks that would strengthen them. Moreover, Hinata and Kageyama attempt to devise a more powerful weapon, one that could possibly break the sturdiest of blocks. 

Facing what may be their last chance at victory before the senior players graduate, the members of Karasuno's volleyball team must learn to settle their differences and train harder than ever if they hope to overcome formidable opponents old and new—including their archrival Aoba Jousai and its world-class setter Tooru Oikawa.",TV,25.0,"Oct 4, 2015 to Mar 27, 2016",fall 2015,Finished Airing,"Dentsu, Mainichi Broadcasting System, Movic, Sony Music Entertainment, TOHO animation, Shueisha",Sentai Filmworks,Production I.G,Manga,24 min per ep,PG-13 - Teens 13 or older,69.0,85,15522,898877.0,1360265,https://cdn.myanimelist.net/images/anime/9/76662.jpg
34933,Kakegurui,Kakegurui,賭ケグルイ,7.24,"Drama, Mystery","Unlike many schools, attending Hyakkaou Private Academy prepares students for their time in the real world. Since many of the students are the children of the richest people in the world, the academy has its quirks that separate it from all the others. By day, it is a normal school, educating its pupils in history, languages, and the like. But at night, it turns into a gambling den, educating them in the art of dealing with money and manipulating people. Money is power; those who come out on top in the games stand at the top of the school.

Yumeko Jabami, a seemingly naive and beautiful transfer student, is ready to try her hand at Hyakkaou's special curriculum. Unlike the rest, she doesn't play to win, but for the thrill of the gamble, and her borderline insane way of gambling might just bring too many new cards to the table.",TV,12.0,"Jul 1, 2017 to Sep 23, 2017",summer 2017,Finished Airing,"Dentsu, Square Enix, Mainichi Broadcasting System, Movic, KlockWorx, DIVE II Entertainment, 81 Produce, Avex Pictures, FuRyu",Sentai Filmworks,MAPPA,Manga,24 min per ep,R - 17+ (violence & profanity),2852.0,77,10596,870773.0,1410008,https://cdn.myanimelist.net/images/anime/3/86578.jpg
11617,High School DxD,High School DxD,ハイスクールD×D,7.34,"Comedy, Romance, Ecchi","High school student Issei Hyoudou is your run-of-the-mill pervert who does nothing productive with his life, peeping on women and dreaming of having his own harem one day. Things seem to be looking up for Issei when a beautiful girl asks him out on a date, although she turns out to be a fallen angel who brutally kills him! However, he gets a second chance at life when beautiful senior student Rias Gremory, who is a top-class devil, revives him as her servant, recruiting Issei into the ranks of the school's Occult Research club.

Slowly adjusting to his new life, Issei must train and fight in order to survive in the violent world of angels and devils. Each new adventure leads to many hilarious (and risqué) moments with his new comrades, all the while keeping his new life a secret from his friends and family in High School DxD!",TV,12.0,"Jan 6, 2012 to Mar 23, 2012",winter 2012,Finished Airing,"Genco, Lantis, Media Factory, AT-X, PRA, Showgate, Atelier Musa, Fujimi Shobo",Funimation,TNK,Light novel,24 min per ep,R+ - Mild Nudity,2325.0,82,21987,868846.0,1371048,https://cdn.myanimelist.net/images/anime/1331/111940.jpg
121,Fullmetal Alchemist,Fullmetal Alchemist,鋼の錬金術師,8.11,"Action, Adventure, Award Winning, Drama, Fantasy","Edward Elric, a young, brilliant alchemist, has lost much in his twelve-year life: when he and his brother Alphonse try to resurrect their dead mother through the forbidden act of human transmutation, Edward loses his brother as well as two of his limbs. With his supreme alchemy skills, Edward binds Alphonse's soul to a large suit of armor.

A year later, Edward, now promoted to the fullmetal alchemist of the state, embarks on a journey with his younger brother to obtain the Philosopher's Stone. The fabled mythical object is rumored to be capable of amplifying an alchemist's abilities by leaps and bounds, thus allowing them to override the fundamental law of alchemy: to gain something, an alchemist must sacrifice something of equal value. Edward hopes to draw into the military's resources to find the fabled stone and restore his and Alphonse's bodies to normal. However, the Elric brothers soon discover that there is more to the legendary stone than meets the eye, as they are led to the epicenter of a far darker battle than they could have ever imagined.",TV,51.0,"Oct 4, 2003 to Oct 2, 2004",fall 2003,Finished Airing,"Aniplex, Dentsu, Square Enix, Mainichi Broadcasting System","Funimation, Aniplex of America",Bones,Manga,24 min per ep,R - 17+ (violence & profanity),454.0,76,25502,868434.0,1426703,https://cdn.myanimelist.net/images/anime/10/75815.jpg
2001,Tengen Toppa Gurren Lagann,Gurren Lagann,天元突破グレンラガン,8.63,"Action, Adventure, Award Winning, Sci-Fi","Simon and Kamina were born and raised in a deep, underground village, hidden from the fabled surface. Kamina is a free-spirited loose cannon bent on making a name for himself, while Simon is a timid young boy with no real aspirations. One day while excavating the earth, Simon stumbles upon a mysterious object that turns out to be the ignition key to an ancient artifact of war, which the duo dubs Lagann. Using their new weapon, Simon and Kamina fend off a surprise attack from the surface with the help of Yoko Littner, a hot-blooded redhead wielding a massive gun who wanders the world above.

In the aftermath of the battle, the sky is now in plain view, prompting Simon and Kamina to set off on a journey alongside Yoko to explore the wastelands of the surface. Soon, they join the fight against the ""Beastmen,"" humanoid creatures that terrorize the remnants of humanity in powerful robots called ""Gunmen."" Although they face some challenges and setbacks, the trio bravely fights these new enemies alongside other survivors to reclaim the surface, while slowly unraveling a galaxy-sized mystery.",TV,27.0,"Apr 1, 2007 to Sep 30, 2007",spring 2007,Finished Airing,"TV Tokyo, Aniplex, Dentsu, Konami, Half H.P Studio, Bandai","ADV Films, Bandai Entertainment, Aniplex of America",Gainax,Original,24 min per ep,PG-13 - Teens 13 or older,71.0,65,75870,867956.0,1547735,https://cdn.myanimelist.net/images/anime/4/5123.jpg
431,Howl no Ugoku Shiro,Howl's Moving Castle,ハウルの動く城,8.66,"Adventure, Award Winning, Drama, Fantasy, Romance","That jumbled piece of architecture, that cacophony of hissing steam and creaking joints, with smoke billowing from it as it moves on its own... That castle is home to the magnificent wizard Howl, infamous for both his magical prowess and for being a womanizer—or so the rumor goes in Sophie Hatter's small town. Sophie, as the plain daughter of a hatmaker, does not expect much from her future and is content with working hard in the shop. 

However, Sophie's simple life takes a turn for the exciting when she is ensnared in a disturbing situation, and the mysterious wizard appears to rescue her. Unfortunately, this encounter, brief as it may be, spurs the vain and vengeful Witch of the Waste—in a fit of jealousy caused by a past discord with Howl—to put a curse on the maiden, turning her into an old woman.

In an endeavor to return to normal, Sophie must accompany Howl and a myriad of eccentric companions—ranging from a powerful fire demon to a hopping scarecrow—in his living castle, on a dangerous adventure as a raging war tears their kingdom apart.",Movie,1.0,"Nov 20, 2004",UNKNOWN,Finished Airing,"d-rights, Tokuma Shoten",Disney Platform Distribution,Studio Ghibli,Novel,1 hr 59 min,G - All Ages,61.0,97,26858,866696.0,1253703,https://cdn.myanimelist.net/images/anime/5/75810.jpg
30503,Noragami Aragoto,Noragami Aragoto,ノラガミ ARAGOTO,8.16,"Action, Fantasy","Yato and Yukine have finally mended their relationship as god and Regalia. As a minor and unknown deity, Yato continues to take odd jobs for five yen apiece in hopes of one day having millions of worshippers and his own grand shrine. He has yet to fix Hiyori Iki's loose soul, but she cheerily prepares for high school nonetheless.

While things are seemingly back to normal, the complicated history between Yato and Bishamon—goddess of war and warriors—resurfaces. Bishamon holds a mysterious old grudge against Yato, which results in violent clashes between them. To further complicate matters, Bishamon's most trusted Regalia, Kazuma, is indebted to Yato. When lives are on the line, unraveling these secrets is possibly the only way to correct mistakes of the past.",TV,13.0,"Oct 3, 2015 to Dec 26, 2015",fall 2015,Finished Airing,"Dentsu, Shochiku, Kodansha, Ai Addiction, Avex Pictures, A-Sketch",Funimation,Bones,Manga,24 min per ep,PG-13 - Teens 13 or older,396.0,78,11428,865558.0,1402622,https://cdn.myanimelist.net/images/anime/1689/94850.jpg
226,Elfen Lied,Elfen Lied,エルフェンリート,7.48,"Action, Drama, Horror, Romance, Supernatural","Lucy is a special breed of human referred to as ""Diclonius,"" born with a short pair of horns and invisible telekinetic hands that lands her as a victim of inhumane scientific experimentation by the government. However, once circumstances present her an opportunity to escape, Lucy, corrupted by the confinement and torture, unleashes a torrent of bloodshed as she escapes her captors.

During her breakout, she receives a crippling head injury that leaves her with a split personality: someone with the mentality of a harmless child possessing limited speech capacity. In this state of instability, she stumbles upon two college students, Kouta and his cousin Yuka, who unknowingly take an injured fugitive into their care, unaware of her murderous tendencies. This act of kindness will change their lives, as they soon find themselves dragged into the shadowy world of government secrecy and conspiracy.",TV,13.0,"Jul 25, 2004 to Oct 17, 2004",summer 2004,Finished Airing,"VAP, Genco, Studio Guts",ADV Films,Arms,Manga,25 min per ep,R+ - Mild Nudity,1786.0,71,23559,851108.0,1462904,https://cdn.myanimelist.net/images/anime/1780/121555.jpg
30654,Ansatsu Kyoushitsu 2nd Season,Assassination Classroom Second Season,暗殺教室　第２期,8.49,"Action, Comedy","Returning from their summer vacation, the students of Class 3-E at the prestigious Kunugigaoka Middle School find themselves up against unbeatable odds. Faced with the possibility of world annihilation, the students must come up with increasingly elaborate and creative ways to kill their teacher, the cunning yet optimistic and helpful Koro-sensei.
 
However, eliminating Koro-sensei is not the only objective the students need to worry about. Gakuhou Asano, the academy's merciless and cruel principal, seeks to prevent Class 3-E's success by brainwashing his other hard-working pupils into ruthlessly competitive studying machines. Hostility begins to linger in the air as traitors and killers alike attempt to claim the bounty on Koro-sensei's head for themselves.
 
Nagisa Shiota, one of Class 3-E's most skilled assassins, finds himself in the middle of the conflict. While he works to maintain his academic standing and prevent the end of the world, domestic affairs jeopardize his place in Class 3-E. Together with his dedicated classmates, he must now face the threats head-on.",TV,25.0,"Jan 8, 2016 to Jul 1, 2016",winter 2016,Finished Airing,"Dentsu, Studio Hibari, Fuji TV, DAX Production, Avex Pictures, Shueisha, Kansai Telecasting",Funimation,Lerche,Manga,23 min per ep,PG-13 - Teens 13 or older,132.0,84,17268,847046.0,1360488,https://cdn.myanimelist.net/images/anime/8/77966.jpg
10087,Fate/Zero,Fate/Zero,フェイト/ゼロ,8.28,"Action, Fantasy, Supernatural","With the promise of granting any wish, the omnipotent Holy Grail triggered three wars in the past, each too cruel and fierce to leave a victor. In spite of that, the wealthy Einzbern family is confident that the Fourth Holy Grail War will be different; namely, with a vessel of the Holy Grail now in their grasp. Solely for this reason, the much hated ""Magus Killer"" Kiritsugu Emiya is hired by the Einzberns, with marriage to their only daughter Irisviel as binding contract.

Kiritsugu now stands at the center of a cutthroat game of survival, facing off against six other participants, each armed with an ancient familiar, and fueled by unique desires and ideals. Accompanied by his own familiar, Saber, the notorious mercenary soon finds his greatest opponent in Kirei Kotomine, a priest who seeks salvation from the emptiness within himself in pursuit of Kiritsugu.

Based on the light novel written by Gen Urobuchi, Fate/Zero depicts the events of the Fourth Holy Grail War—10 years prior to Fate/stay night. Witness a battle royale in which no one is guaranteed to survive.",TV,13.0,"Oct 2, 2011 to Dec 25, 2011",fall 2011,Finished Airing,"Aniplex, Nitroplus, Seikaisha, Notes",Aniplex of America,ufotable,Light novel,28 min per ep,R - 17+ (violence & profanity),263.0,73,33096,830466.0,1447672,https://cdn.myanimelist.net/images/anime/1887/117644.jpg
3588,Soul Eater,Soul Eater,ソウルイーター,7.84,"Action, Comedy, Fantasy","Death City is home to the famous Death Weapon Meister Academy, a technical academy headed by the Shinigami—Lord Death himself. Its mission: to raise ""Death Scythes"" for the Shinigami to wield against the many evils of their fantastical world. These Death Scythes, however, are not made from physical weapons; rather, they are born from human hybrids who have the ability to transform their bodies into Demon Weapons, and only after they have consumed the souls of 99 evil beings and one witch's soul.

Soul Eater Evans, a Demon Scythe who only seems to care about what's cool, aims to become a Death Scythe with the help of his straight-laced wielder, or meister, Maka Albarn. The contrasting duo work and study alongside the hot headed Black☆Star and his caring weapon Tsubaki, as well as the Shinigami's own son, Death the Kid, an obsessive-compulsive dual wielder of twin pistols Patty and Liz.

Soul Eater follows these students of Shibusen as they take on missions to collect souls and protect the city from the world's threats while working together under the snickering sun to become sounder in mind, body, and soul.",TV,51.0,"Apr 7, 2008 to Mar 30, 2009",spring 2008,Finished Airing,"TV Tokyo, Aniplex, Dentsu, Media Factory",Funimation,Bones,Manga,23 min per ep,PG-13 - Teens 13 or older,836.0,62,26107,818237.0,1565227,https://cdn.myanimelist.net/images/anime/9/7804.jpg
14813,Yahari Ore no Seishun Love Comedy wa Machigatteiru.,My Teen Romantic Comedy SNAFU,やはり俺の青春ラブコメはまちがっている。,8.01,"Comedy, Romance","Hachiman Hikigaya is an apathetic high school student with narcissistic and semi-nihilistic tendencies. He firmly believes that joyful youth is nothing but a farce, and everyone who says otherwise is just lying to themselves. 

In a novel punishment for writing an essay mocking modern social relationships, Hachiman's teacher forces him to join the Volunteer Service Club, a club that aims to extend a helping hand to any student who seeks their support in achieving their goals. With the only other club member being the beautiful ice queen Yukino Yukinoshita, Hachiman finds himself on the front line of other people's problems—a place he never dreamed he would be. As Hachiman and Yukino use their wits to solve many students' problems, will Hachiman's rotten view of society prove to be a hindrance or a tool he can use to his advantage?",TV,13.0,"Apr 5, 2013 to Jun 28, 2013",spring 2013,Finished Airing,"Geneon Universal Entertainment, TBS, Delfi Sound, Marvelous AQL, Atelier Musa",Sentai Filmworks,Brain's Base,Light novel,24 min per ep,PG-13 - Teens 13 or older,577.0,80,27833,815829.0,1371749,https://cdn.myanimelist.net/images/anime/1786/120117.jpg
50265,Spy x Family,UNKNOWN,SPY×FAMILY,8.62,"Action, Award Winning, Comedy","Corrupt politicians, frenzied nationalists, and other warmongering forces constantly jeopardize the thin veneer of peace between neighboring countries Ostania and Westalis. In spite of their plots, renowned spy and master of disguise ""Twilight"" fulfills dangerous missions one after another in the hope that no child will have to experience the horrors of war.

In the bustling Ostanian city of Berlint, Twilight dons the alias of ""Loid Forger,"" an esteemed psychiatrist. However, his true intention is to gather intelligence on prominent politician Donovan Desmond, who only appears rarely in public at his sons' school: the prestigious Eden Academy. Enlisting the help of unmarried city hall clerk Yor Briar to act as his wife and adopting the curious six-year-old orphan Anya as his daughter, Loid enacts his master plan. He will enroll Anya in Eden Academy, where Loid hopes she will excel and give him the opportunity to meet Donovan without arousing suspicion. 

Unfortunately for Loid, even a man of his talents has trouble playing the figure of a loving father and husband. And just like Loid is hiding his true identity, Yor—who is an underground assassin known as ""Thorn Princess""—and Anya—an esper who can read people's minds—have no plans to disclose their own secrets either. Although this picture-perfect family is founded on deception, the Forgers gradually come to understand that the love they share for one another trumps all else.",TV,12.0,"Apr 9, 2022 to Jun 25, 2022",spring 2022,Finished Airing,"TV Tokyo, Shogakukan-Shueisha Productions, TOHO animation, Shueisha",UNKNOWN,"Wit Studio, CloverWorks",Manga,24 min per ep,PG-13 - Teens 13 or older,77.0,88,37662,815326.0,1349178,https://cdn.myanimelist.net/images/anime/1441/122795.jpg
20899,JoJo no Kimyou na Bouken Part 3: Stardust Crusaders,JoJo's Bizarre Adventure: Stardust Crusaders,ジョジョの奇妙な冒険 スターダストクルセイダース,8.1,"Action, Adventure, Supernatural","Years after an ancient evil was salvaged from the depths of the sea, Joutarou Kuujou sits peacefully within a Japanese jail cell. He's committed no crime yet demands he not be released, believing he's been possessed by an evil spirit capable of harming those around him. Concerned for her son, Holly Kuujou asks her father, Joseph Joestar, to convince Joutarou to leave the prison. Joseph informs his grandson that the ""evil spirit"" is in fact something called a ""Stand,"" the physical manifestation of one's fighting spirit which can adopt a variety of deadly forms. After a fiery brawl with Joseph's friend Mohammed Avdol, Joutarou is forced out of his cell and begins learning how to control the power of his Stand.

However, when a Stand awakens within Holly and threatens to consume her in 50 days, Joutarou, his grandfather, and their allies must seek out and destroy the immortal vampire responsible for her condition. They must travel halfway across the world to Cairo, Egypt and along the way, do battle with ferocious Stand users set on thwarting them. If Joutarou and his allies fail in their mission, humanity is destined for a grim fate.",TV,24.0,"Apr 5, 2014 to Sep 13, 2014",spring 2014,Finished Airing,"Yomiko Advertising, Warner Bros. Japan, Kamikaze Douga, KlockWorx, Shueisha",VIZ Media,David Production,Manga,24 min per ep,R - 17+ (violence & profanity),459.0,115,21180,814543.0,1147954,https://cdn.myanimelist.net/images/anime/11/55267.jpg
37430,Tensei shitara Slime Datta Ken,That Time I Got Reincarnated as a Slime,転生したらスライムだった件,8.14,"Action, Adventure, Comedy, Fantasy","Thirty-seven-year-old Satoru Mikami is a typical corporate worker, who is perfectly content with his monotonous lifestyle in Tokyo, other than failing to nail down a girlfriend even once throughout his life. In the midst of a casual encounter with his colleague, he falls victim to a random assailant on the streets and is stabbed. However, while succumbing to his injuries, a peculiar voice echoes in his mind, and recites a bunch of commands which the dying man cannot make sense of.

When Satoru regains consciousness, he discovers that he has reincarnated as a goop of slime in an unfamiliar realm. In doing so, he acquires newfound skills—notably, the power to devour anything and mimic its appearance and abilities. He then stumbles upon the sealed Catastrophe-level monster ""Storm Dragon"" Veldora who had been sealed away for the past 300 years for devastating a town to ashes. Sympathetic to his predicament, Satoru befriends him, promising to assist in destroying the seal. In return, Veldora bestows upon him the name Rimuru Tempest to grant him divine protection. 

Now, liberated from the mundanities of his past life, Rimuru embarks on a fresh journey with a distinct goal in mind. As he grows accustomed to his new physique, his gooey antics ripple throughout the world, gradually altering his fate.",TV,24.0,"Oct 2, 2018 to Mar 19, 2019",fall 2018,Finished Airing,"Lantis, Kodansha, BS11, Bandai Namco Arts, Micro Magazine Publishing",Funimation,8bit,Manga,23 min per ep,PG-13 - Teens 13 or older,417.0,89,27810,814336.0,1338623,https://cdn.myanimelist.net/images/anime/1069/123309.jpg
813,Dragon Ball Z,Dragon Ball Z,ドラゴンボールZ,8.16,"Action, Adventure, Comedy, Fantasy","Five years after winning the World Martial Arts tournament, Gokuu is now living a peaceful life with his wife and son. This changes, however, with the arrival of a mysterious enemy named Raditz who presents himself as Gokuu's long-lost brother. He reveals that Gokuu is a warrior from the once powerful but now virtually extinct Saiyan race, whose homeworld was completely annihilated. When he was sent to Earth as a baby, Gokuu's sole purpose was to conquer and destroy the planet; but after suffering amnesia from a head injury, his violent and savage nature changed, and instead was raised as a kind and well-mannered boy, now fighting to protect others.

With his failed attempt at forcibly recruiting Gokuu as an ally, Raditz warns Gokuu's friends of a new threat that's rapidly approaching Earth—one that could plunge Earth into an intergalactic conflict and cause the heavens themselves to shake. A war will be fought over the seven mystical dragon balls, and only the strongest will survive in Dragon Ball Z.",TV,291.0,"Apr 26, 1989 to Jan 31, 1996",spring 1989,Finished Airing,Fuji TV,Funimation,Toei Animation,Manga,24 min per ep,PG-13 - Teens 13 or older,392.0,109,36163,813325.0,1176423,https://cdn.myanimelist.net/images/anime/1607/117271.jpg
40591,Kaguya-sama wa Kokurasetai? Tensai-tachi no Renai Zunousen,Kaguya-sama: Love is War Season 2,かぐや様は告らせたい？～天才たちの恋愛頭脳戦～,8.64,Comedy,"After a slow but eventful summer vacation, Shuchiin Academy's second term is now starting in full force. As August transitions into September, Miyuki Shirogane's birthday looms ever closer, leaving Kaguya Shinomiya in a serious predicament as to how to celebrate it. Furthermore, the tenure of the school's 67th student council is coming to an end. Due to the council members being in different classes, the only time Kaguya and Miyuki have to be together will soon disappear, putting all of their cunning plans at risk.

A long and difficult election that will decide the fate of the new student council awaits, as multiple challengers fight for the coveted title of president.",TV,12.0,"Apr 11, 2020 to Jun 27, 2020",spring 2020,Finished Airing,"Aniplex, Mainichi Broadcasting System, Shueisha, JR East Marketing & Communications",Aniplex of America,A-1 Pictures,Manga,24 min per ep,PG-13 - Teens 13 or older,68.0,96,18675,804612.0,1257796,https://cdn.myanimelist.net/images/anime/1764/106659.jpg
34572,Black Clover,Black Clover,ブラッククローバー,8.14,"Action, Comedy, Fantasy","Asta and Yuno were abandoned at the same church on the same day. Raised together as children, they came to know of the ""Wizard King""—a title given to the strongest mage in the kingdom—and promised that they would compete against each other for the position of the next Wizard King. However, as they grew up, the stark difference between them became evident. While Yuno is able to wield magic with amazing power and control, Asta cannot use magic at all and desperately tries to awaken his powers by training physically.

When they reach the age of 15, Yuno is bestowed a spectacular Grimoire with a four-leaf clover, while Asta receives nothing. However, soon after, Yuno is attacked by a person named Lebuty, whose main purpose is to obtain Yuno's Grimoire. Asta tries to fight Lebuty, but he is outmatched. Though without hope and on the brink of defeat, he finds the strength to continue when he hears Yuno's voice. Unleashing his inner emotions in a rage, Asta receives a five-leaf clover Grimoire, a ""Black Clover"" giving him enough power to defeat Lebuty. A few days later, the two friends head out into the world, both seeking the same goal—to become the Wizard King!",TV,170.0,"Oct 3, 2017 to Mar 30, 2021",fall 2017,Finished Airing,"TV Tokyo, Avex Pictures, Shueisha","Funimation, Crunchyroll",Pierrot,Manga,23 min per ep,PG-13 - Teens 13 or older,418.0,64,43659,784546.0,1550671,https://cdn.myanimelist.net/images/anime/2/88336.jpg
47778,Kimetsu no Yaiba: Yuukaku-hen,Demon Slayer: Kimetsu no Yaiba Entertainment District Arc,鬼滅の刃 遊郭編,8.8,"Action, Fantasy","The devastation of the Mugen Train incident still weighs heavily on the members of the Demon Slayer Corps. Despite being given time to recover, life must go on, as the wicked never sleep: a vicious demon is terrorizing the alluring women of the Yoshiwara Entertainment District. The Sound Pillar, Tengen Uzui, and his three wives are on the case. However, when he soon loses contact with his spouses, Tengen fears the worst and enlists the help of Tanjirou Kamado, Zenitsu Agatsuma, and Inosuke Hashibira to infiltrate the district's most prominent houses and locate the depraved Upper Rank demon.",TV,11.0,"Dec 5, 2021 to Feb 13, 2022",winter 2022,Finished Airing,"Aniplex, Shueisha","Aniplex of America, Crunchyroll",ufotable,Manga,26 min per ep,R - 17+ (violence & profanity),31.0,99,23462,772130.0,1244195,https://cdn.myanimelist.net/images/anime/1908/120036.jpg
164,Mononoke Hime,Princess Mononoke,もののけ姫,8.67,"Action, Adventure, Award Winning, Fantasy","When an Emishi village is attacked by a fierce demon boar, the young prince Ashitaka puts his life at stake to defend his tribe. With its dying breath, the beast curses the prince's arm, granting him demonic powers while gradually siphoning his life away. Instructed by the village elders to travel westward for a cure, Ashitaka arrives at Tatara, the Iron Town, where he finds himself embroiled in a fierce conflict: Lady Eboshi of Tatara, promoting constant deforestation, stands against Princess San and the sacred spirits of the forest, who are furious at the destruction brought by the humans. As the opposing forces of nature and mankind begin to clash in a desperate struggle for survival, Ashitaka attempts to seek harmony between the two, all the while battling the latent demon inside of him. Princess Mononoke is a tale depicting the connection of technology and nature, while showing the path to harmony that could be achieved by mutual acceptance.",Movie,1.0,"Jul 12, 1997",UNKNOWN,Finished Airing,"Tokuma Shoten, Nippon Television Network",GKIDS,Studio Ghibli,Original,2 hr 13 min,PG-13 - Teens 13 or older,58.0,105,20632,769154.0,1190601,https://cdn.myanimelist.net/images/anime/7/75919.jpg
37521,Vinland Saga,UNKNOWN,ヴィンランド・サガ,8.74,"Action, Adventure, Drama","Young Thorfinn grew up listening to the stories of old sailors that had traveled the ocean and reached the place of legend, Vinland. It's said to be warm and fertile, a place where there would be no need for fighting—not at all like the frozen village in Iceland where he was born, and certainly not like his current life as a mercenary. War is his home now. Though his father once told him, ""You have no enemies, nobody does. There is nobody who it's okay to hurt,"" as he grew, Thorfinn knew that nothing was further from the truth.

The war between England and the Danes grows worse with each passing year. Death has become commonplace, and the viking mercenaries are loving every moment of it. Allying with either side will cause a massive swing in the balance of power, and the vikings are happy to make names for themselves and take any spoils they earn along the way. Among the chaos, Thorfinn must take his revenge and kill Askeladd, the man who murdered his father. The only paradise for the vikings, it seems, is the era of war and death that rages on.",TV,24.0,"Jul 8, 2019 to Dec 30, 2019",summer 2019,Finished Airing,"Production I.G, Dentsu, Kodansha, Twin Engine",Sentai Filmworks,Wit Studio,Manga,24 min per ep,R - 17+ (violence & profanity),43.0,86,42142,764554.0,1357211,https://cdn.myanimelist.net/images/anime/1500/103005.jpg
32935,Haikyuu!! Karasuno Koukou vs. Shiratorizawa Gakuen Koukou,Haikyu!! 3rd Season,ハイキュー!! 烏野高校 VS 白鳥沢学園高校,8.78,Sports,"After the victory against Aoba Jousai High, Karasuno High School, once called “a fallen powerhouse, a crow that can’t fly,” has finally reached the climax of the heated Spring tournament. Now, to advance to nationals, the Karasuno team has to defeat the powerhouse Shiratorizawa Academy. Karasuno’s greatest hurdle is their adversary’s ace, Wakatoshi Ushijima, the number one player in the Miyagi Prefecture, and one of the country’s top three aces.

Only the strongest team will make it to the national tournament. Since this match is the third-year players’ last chance to qualify for nationals, Karasuno has to use everything they learned during the training camp and prior matches to attain victory. Filled with restlessness and excitement, both teams are determined to come out on top in the third season of Haikyuu!!.",TV,10.0,"Oct 8, 2016 to Dec 10, 2016",fall 2016,Finished Airing,"Dentsu, Mainichi Broadcasting System, Movic, Sony Music Entertainment, TOHO animation, Shueisha",Sentai Filmworks,Production I.G,Manga,24 min per ep,PG-13 - Teens 13 or older,37.0,117,15202,757885.0,1141227,https://cdn.myanimelist.net/images/anime/7/81992.jpg
13601,Psycho-Pass,Psycho-Pass,サイコパス,8.34,"Action, Mystery, Sci-Fi, Suspense","Justice, and the enforcement of it, has changed. In the 22nd century, Japan enforces the Sibyl System, an objective means of determining the threat level of each citizen by examining their mental state for signs of criminal intent, known as their Psycho-Pass. Inspectors uphold the law by subjugating, often with lethal force, anyone harboring the slightest ill-will; alongside them are Enforcers, jaded Inspectors that have become latent criminals, granted relative freedom in exchange for carrying out the Inspectors' dirty work.

Into this world steps Akane Tsunemori, a young woman with an honest desire to uphold justice. However, as she works alongside veteran Enforcer Shinya Kougami, she soon learns that the Sibyl System's judgments are not as perfect as her fellow Inspectors assume. With everything she has known turned on its head, Akane wrestles with the question of what justice truly is, and whether it can be upheld through the use of a system that may already be corrupt.",TV,22.0,"Oct 12, 2012 to Mar 22, 2013",fall 2012,Finished Airing,"Dentsu, Fuji TV, Nitroplus, Sony Music Entertainment, TOHO animation, Kyoraku Industrial Holdings",Funimation,Production I.G,Original,23 min per ep,R - 17+ (violence & profanity),211.0,60,37749,757398.0,1568535,https://cdn.myanimelist.net/images/anime/5/43399.jpg
14741,Chuunibyou demo Koi ga Shitai!,"Love, Chunibyo & Other Delusions!",中二病でも恋がしたい!,7.71,"Comedy, Romance","Everybody has had that stage in their life where they have thought themselves to be special, different from the masses of ordinary humans. They might go as far as seeing themselves capable of wielding mystical powers, or maybe even believe themselves to have descended from a fantasy realm. This ""disease"" is known as ""chuunibyou"" and is often the source of some of the most embarrassing moments of a person's life.

For Yuuta Togashi, the scars that his chuunibyou has left behind are still fresh. Having posed as the ""Dark Flame Master"" during his middle school years, he looks back at those times with extreme embarrassment, so much so that he decides to attend a high school far away where nobody will recognize him. Putting his dark history behind him, he longs to live a normal high school life.

Unfortunately, he hasn't escaped his past yet: enter Rikka Takanashi, Yuuta's new classmate and self-declared vessel of the ""Wicked Eye."" As this eccentric young girl crashes into Yuuta's life, his dream of an ordinary, chuunibyou-free life quickly crumbles away. In this hilarious and heartwarming story of a boy who just wants to leave his embarrassing memories behind, the delusions of old are far from a thing of the past.",TV,12.0,"Oct 4, 2012 to Dec 20, 2012",fall 2012,Finished Airing,"Lantis, Pony Canyon, TBS, Rakuonsha, Animation Do",Sentai Filmworks,Kyoto Animation,Light novel,24 min per ep,PG-13 - Teens 13 or older,1106.0,91,17477,751777.0,1305194,https://cdn.myanimelist.net/images/anime/12/46931.jpg
26055,JoJo no Kimyou na Bouken Part 3: Stardust Crusaders 2nd Season,JoJo's Bizarre Adventure: Stardust Crusaders - Battle in Egypt,ジョジョの奇妙な冒険 スターダストクルセイダース エジプト編,8.44,"Action, Adventure, Supernatural","Joutarou Kuujou and his allies have finally made it to Egypt, where the immortal Dio awaits. Upon their arrival, the group gains a new comrade: Iggy, a mutt who wields the Stand ""The Fool."" It's not all good news however, as standing in their path is a new group of Stand users who serve Dio, each with a Stand representative of an ancient Egyptian god. As their final battle approaches, it is a race against time to break Joutarou's mother free from her curse and end Dio's reign of terror over the Joestar family once and for all.",TV,24.0,"Jan 10, 2015 to Jun 20, 2015",winter 2015,Finished Airing,"Yomiko Advertising, Warner Bros. Japan, Kamikaze Douga, KlockWorx, Shueisha",VIZ Media,David Production,Manga,23 min per ep,R - 17+ (violence & profanity),152.0,132,19950,746262.0,1049227,https://cdn.myanimelist.net/images/anime/11/75045.jpg
42897,Horimiya,Horimiya,ホリミヤ,8.2,Romance,"On the surface, the thought of Kyouko Hori and Izumi Miyamura getting along would be the last thing in people's minds. After all, Hori has a perfect combination of beauty and brains, while Miyamura appears meek and distant to his fellow classmates. However, a fateful meeting between the two lays both of their hidden selves bare. Even though she is popular at school, Hori has little time to socialize with her friends due to housework. On the other hand, Miyamura lives under the noses of his peers, his body bearing secret tattoos and piercings that make him look like a gentle delinquent.

Having opposite personalities yet sharing odd similarities, the two quickly become friends and often spend time together in Hori's home. As they both emerge from their shells, they share with each other a side of themselves concealed from the outside world.",TV,13.0,"Jan 10, 2021 to Apr 4, 2021",winter 2021,Finished Airing,"Aniplex, Square Enix, Mainichi Broadcasting System, Movic, Kanetsu Investment, My Theater D.D., Global Solutions, Mirai-Kojo",Funimation,CloverWorks,Manga,23 min per ep,PG-13 - Teens 13 or older,350.0,100,31922,745655.0,1242756,https://cdn.myanimelist.net/images/anime/1695/111486.jpg
2167,Clannad,Clannad,CLANNAD,8.0,"Drama, Romance, Supernatural","Tomoya Okazaki is a delinquent who finds life dull and believes he'll never amount to anything. Along with his friend Youhei Sunohara, he skips school and plans to waste his high school days away.

One day while walking to school, Tomoya passes a young girl muttering quietly to herself. Without warning she exclaims ""Anpan!"" (a popular Japanese food) which catches Tomoya's attention. He soon discovers the girl's name is Nagisa Furukawa and that she exclaims things she likes in order to motivate herself. Nagisa claims they are now friends, but Tomoya walks away passing the encounter off as nothing.

However, Tomoya finds he is noticing Nagisa more and more around school. Eventually he concedes and befriends her. Tomoya learns Nagisa has been held back a year due to a severe illness and that her dream is to revive the school's drama club. Claiming he has nothing better to do, he decides to help her achieve this goal along with the help of four other girls.

As Tomoya spends more time with the girls, he learns more about them and their problems. As he attempts to help each girl overcome her respective obstacle, he begins to realize life isn't as dull as he once thought.",TV,23.0,"Oct 5, 2007 to Mar 28, 2008",fall 2007,Finished Airing,"Pony Canyon, TBS, Movic, Animation Do",Sentai Filmworks,Kyoto Animation,Visual novel,24 min per ep,PG-13 - Teens 13 or older,584.0,81,27253,736679.0,1371535,https://cdn.myanimelist.net/images/anime/1804/95033.jpg
31933,JoJo no Kimyou na Bouken Part 4: Diamond wa Kudakenai,JoJo's Bizarre Adventure: Diamond is Unbreakable,ジョジョの奇妙な冒険 ダイヤモンドは砕けない,8.5,"Action, Adventure, Supernatural","The year is 1999. Morioh, a normally quiet and peaceful town, has recently become a hotbed of strange activity. Joutarou Kuujou, now a marine biologist, heads to the mysterious town to meet Jousuke Higashikata. While the two may seem like strangers at first, Jousuke is actually the illegitimate child of Joutarou's grandfather, Joseph Joestar. When they meet, Joutarou realizes that he may have more in common with Jousuke than just a blood relation.

Along with the mild-mannered Kouichi Hirose and the boisterous Okuyasu Nijimura, the group dedicates themselves to investigating recent disappearances and other suspicious occurrences within Morioh. Aided by the power of Stands, the four men will encounter danger at every street corner, as it is up to them to unravel the town's secrets, before another occurs.",TV,39.0,"Apr 2, 2016 to Dec 24, 2016",spring 2016,Finished Airing,"Warner Bros. Japan, KlockWorx, Medicos Entertainment, Shueisha",VIZ Media,David Production,Manga,23 min per ep,R - 17+ (violence & profanity),126.0,131,38033,728205.0,1055922,https://cdn.myanimelist.net/images/anime/3/79156.jpg
35507,Youkoso Jitsuryoku Shijou Shugi no Kyoushitsu e,Classroom of the Elite,ようこそ実力至上主義の教室へ,7.86,Drama,"On the surface, Koudo Ikusei Senior High School is a utopia. The students enjoy an unparalleled amount of freedom, and it is ranked highly in Japan. However, the reality is less than ideal. Four classes, A through D, are ranked in order of merit, and only the top classes receive favorable treatment.

Kiyotaka Ayanokouji is a student of Class D, where the school dumps its worst. There he meets the unsociable Suzune Horikita, who believes she was placed in Class D by mistake and desires to climb all the way to Class A, and the seemingly amicable class idol Kikyou Kushida, whose aim is to make as many friends as possible.

While class membership is permanent, class rankings are not; students in lower ranked classes can rise in rankings if they score better than those in the top ones. Additionally, in Class D, there are no bars on what methods can be used to get ahead. In this cutthroat school, can they prevail against the odds and reach the top?",TV,12.0,"Jul 12, 2017 to Sep 27, 2017",summer 2017,Finished Airing,"Studio Hibari, Lantis, AT-X, Sony Music Communications, Toranoana, Crunchyroll, Kadokawa Media House, Kadokawa, AKABEiSOFT2",Funimation,Lerche,Light novel,24 min per ep,PG-13 - Teens 13 or older,807.0,113,17258,725321.0,1152610,https://cdn.myanimelist.net/images/anime/5/86830.jpg
9756,Mahou Shoujo Madoka★Magica,Puella Magi Madoka Magica,魔法少女まどか★マギカ,8.36,"Award Winning, Drama, Suspense","Madoka Kaname and Sayaka Miki are regular middle school girls with regular lives, but all that changes when they encounter Kyuubey, a cat-like magical familiar, and Homura Akemi, the new transfer student.

Kyuubey offers them a proposition: he will grant any one of their wishes and in exchange, they will each become a magical girl, gaining enough power to fulfill their dreams. However, Homura Akemi, a magical girl herself, urges them not to accept the offer, stating that everything is not what it seems.

A story of hope, despair, and friendship, Mahou Shoujo Madoka★Magica deals with the difficulties of being a magical girl and the price one has to pay to make a dream come true.",TV,12.0,"Jan 7, 2011 to Apr 22, 2011",winter 2011,Finished Airing,"Aniplex, Mainichi Broadcasting System, Movic, Nitroplus, Houbunsha",Aniplex of America,Shaft,Original,24 min per ep,PG-13 - Teens 13 or older,198.0,101,52582,723489.0,1233989,https://cdn.myanimelist.net/images/anime/11/55225.jpg
33206,Kobayashi-san Chi no Maid Dragon,Miss Kobayashi's Dragon Maid,小林さんちのメイドラゴン,7.97,"Fantasy, Slice of Life","As Kobayashi sets off for another day at work, she opens her apartment door only to be met by an unusually frightening sight—the head of a dragon, staring at her from across the balcony. The dragon immediately transforms into a cute, busty, and energetic young girl dressed in a maid outfit, introducing herself as Tooru.

It turns out that the stoic programmer had come across the dragon the previous night on a drunken excursion to the mountains, and since the mythical beast had nowhere else to go, she had offered the creature a place to stay in her home. Thus, Tooru had arrived to cash in on the offer, ready to repay her savior's kindness by working as her personal maidservant. Though deeply regretful of her words and hesitant to follow through on her promise, a mix of guilt and Tooru's incredible dragon abilities convinces Kobayashi to take the girl in.

Despite being extremely efficient at her job, the maid's unorthodox methods of housekeeping often end up horrifying Kobayashi and at times bring more trouble than help. Furthermore, the circumstances behind the dragon's arrival on Earth seem to be much more complicated than at first glance, as Tooru bears some heavy emotions and painful memories. To top it all off, Tooru's presence ends up attracting several other mythical beings to her new home, bringing in a host of eccentric personalities. Although Kobayashi makes her best effort to handle the crazy situation that she has found herself in, nothing has prepared her for this new life with a dragon maid.",TV,13.0,"Jan 12, 2017 to Apr 6, 2017",winter 2017,Finished Airing,"Lantis, Pony Canyon, ABC Animation","Funimation, Crunchyroll",Kyoto Animation,Manga,24 min per ep,PG-13 - Teens 13 or older,622.0,107,16784,714128.0,1183112,https://cdn.myanimelist.net/images/anime/5/85434.jpg
5081,Bakemonogatari,Bakemonogatari,化物語,8.33,"Mystery, Romance, Supernatural","Koyomi Araragi, a third-year high school student, manages to survive a vampire attack with the help of Meme Oshino, a strange man residing in an abandoned building. Though being saved from vampirism and now a human again, several side effects such as superhuman healing abilities and enhanced vision still remain. Regardless, Araragi tries to live the life of a normal student, with the help of his friend and the class president, Tsubasa Hanekawa.

When fellow classmate Hitagi Senjougahara falls down the stairs and is caught by Araragi, the boy realizes that the girl is unnaturally weightless. Despite Senjougahara's protests, Araragi insists he help her, deciding to enlist the aid of Oshino, the very man who had once helped him with his own predicament.

Through several tales involving demons and gods, Bakemonogatari follows Araragi as he attempts to help those who suffer from supernatural maladies.",TV,15.0,"Jul 3, 2009 to Jun 25, 2010",summer 2009,Finished Airing,"Aniplex, Kodansha",Aniplex of America,Shaft,Light novel,25 min per ep,R - 17+ (violence & profanity),222.0,87,48111,710022.0,1355489,https://cdn.myanimelist.net/images/anime/11/75274.jpg
39535,Mushoku Tensei: Isekai Ittara Honki Dasu,Mushoku Tensei: Jobless Reincarnation,無職転生 ～異世界行ったら本気だす～,8.37,"Drama, Fantasy, Ecchi","Despite being bullied, scorned, and oppressed all of his life, a 34-year-old shut-in still found the resolve to attempt something heroic—only for it to end in a tragic accident. But in a twist of fate, he awakens in another world as Rudeus Greyrat, starting life again as a baby born to two loving parents.

Preserving his memories and knowledge from his previous life, Rudeus quickly adapts to his new environment. With the mind of a grown adult, he starts to display magical talent that exceeds all expectations, honing his skill with the help of a mage named Roxy Migurdia. Rudeus learns swordplay from his father, Paul, and meets Sylphiette, a girl his age who quickly becomes his closest friend.

As Rudeus' second chance at life begins, he tries to make the most of his new opportunity while conquering his traumatic past. And perhaps, one day, he may find the one thing he could not find in his old world—love.",TV,11.0,"Jan 11, 2021 to Mar 22, 2021",winter 2021,Finished Airing,"Frontier Works, TOHO animation, Hakuhodo DY Music & Pictures, BS11, Egg Firm, Kadokawa, GREE, Toho Music",Funimation,Studio Bind,Light novel,23 min per ep,R - 17+ (violence & profanity),196.0,110,28815,706690.0,1158166,https://cdn.myanimelist.net/images/anime/1530/117776.jpg
7054,Kaichou wa Maid-sama!,Maid Sama!,会長はメイド様!,8.01,"Comedy, Romance","Misaki Ayuzawa is a unique phenomenon within Seika High School. In a predominantly male institution, she became the first-ever female student council president through her honesty and diligence. Ever since Misaki got promoted to the position, she has been working tirelessly to ensure a better school life for all girls. Despite that, Misaki is very strict with the boys, which has earned her the title ""Demon President."" 

One day, after hearing a girl cry in the hallway, Misaki encounters Takumi Usui—the most popular boy in the school—as he rejects a love confession. Enraged at what she is seeing, Misaki reprimands him for making the girl cry. However, Usui is indifferent and brushes it off as nothing.

Unexpectedly, Misaki soon runs into Usui again, but this time when she is working at a maid cafe! Embarrassed that someone has found out about her secret occupation, Misaki promises herself not to let Usui destroy her reputation. However, the mysterious boy now begins to visit the same cafe regularly to observe and tease Misaki. When push comes to shove, will Usui still be able to keep the president's secret?",TV,26.0,"Apr 2, 2010 to Sep 24, 2010",spring 2010,Finished Airing,"Geneon Universal Entertainment, TBS, Hakusensha, Half H.P Studio",Sentai Filmworks,J.C.Staff,Manga,24 min per ep,PG-13 - Teens 13 or older,570.0,103,22311,705048.0,1202350,https://cdn.myanimelist.net/images/anime/6/25254.jpg
34599,Made in Abyss,Made in Abyss,メイドインアビス,8.66,"Adventure, Drama, Fantasy, Mystery, Sci-Fi","The Abyss—a gaping chasm stretching down into the depths of the earth, filled with mysterious creatures and relics from a time long past. How did it come to be? What lies at the bottom? Countless brave individuals, known as Divers, have sought to solve these mysteries of the Abyss, fearlessly descending into its darkest realms. The best and bravest of the Divers, the White Whistles, are hailed as legends by those who remain on the surface.

Riko, daughter of the missing White Whistle Lyza the Annihilator, aspires to become like her mother and explore the furthest reaches of the Abyss. However, just a novice Red Whistle herself, she is only permitted to roam its most upper layer. Even so, Riko has a chance encounter with a mysterious robot with the appearance of an ordinary young boy. She comes to name him Reg, and he has no recollection of the events preceding his discovery. Certain that the technology to create Reg must come from deep within the Abyss, the two decide to venture forth into the chasm to recover his memories and see the bottom of the great pit with their own eyes. However, they know not of the harsh reality that is the true existence of the Abyss.",TV,13.0,"Jul 7, 2017 to Sep 29, 2017",summer 2017,Finished Airing,"AT-X, Takeshobo, Sony Music Communications, Kadokawa Media House, Cygames, Kanetsu Investment, Kadokawa, Global Solutions, IRMA LA DOUCE",Sentai Filmworks,Kinema Citrus,Web manga,25 min per ep,R - 17+ (violence & profanity),62.0,93,41896,699786.0,1294124,https://cdn.myanimelist.net/images/anime/6/86733.jpg
32282,Shokugeki no Souma: Ni no Sara,Food Wars! The Second Plate,食戟のソーマ 弍ノ皿,8.09,"Gourmet, Ecchi","The qualifiers of the Autumn Elections are now over, and only eight talented chefs remain. Now, they face off in one-on-one food wars, each with their own unique themes. Met with both new judges and new opponents all with their own specialties, Souma must stay on his toes if he hopes to make it to the top of both the Autumn Elections and Tootsuki Culinary Academy.",TV,13.0,"Jul 2, 2016 to Sep 24, 2016",summer 2016,Finished Airing,"Dentsu, Lantis, Mainichi Broadcasting System, KlockWorx, Showgate, Shueisha",Sentai Filmworks,J.C.Staff,Manga,24 min per ep,PG-13 - Teens 13 or older,476.0,124,3055,699147.0,1095541,https://cdn.myanimelist.net/images/anime/8/79353.jpg
26243,Owari no Seraph,Seraph of the End: Vampire Reign,終わりのセラフ,7.49,"Action, Drama, Supernatural","With the appearance of a mysterious virus that kills everyone above the age of 13, mankind becomes enslaved by previously hidden, power-hungry vampires who emerge in order to subjugate society with the promise of protecting the survivors, in exchange for donations of their blood.

Among these survivors are Yuuichirou and Mikaela Hyakuya, two young boys who are taken captive from an orphanage, along with other children whom they consider family. Discontent with being treated like livestock under the vampires' cruel reign, Mikaela hatches a rebellious escape plan that is ultimately doomed to fail. The only survivor to come out on the other side is Yuuichirou, who is found by the Moon Demon Company, a military unit dedicated to exterminating the vampires in Japan.

Many years later, now a member of the Japanese Imperial Demon Army, Yuuichirou is determined to take revenge on the creatures that slaughtered his family, but at what cost?

Owari no Seraph is a post-apocalyptic supernatural shounen anime that follows a young man's search for retribution, all the while battling for friendship and loyalty against seemingly impossible odds.",TV,12.0,"Apr 4, 2015 to Jun 20, 2015",spring 2015,Finished Airing,"Rakuonsha, NBCUniversal Entertainment Japan, Shueisha",Funimation,Wit Studio,Manga,23 min per ep,R - 17+ (violence & profanity),1755.0,94,13330,697841.0,1275952,https://cdn.myanimelist.net/images/anime/5/73474.jpg
13759,Sakura-sou no Pet na Kanojo,The Pet Girl of Sakurasou,さくら荘のペットな彼女,8.08,"Drama, Romance","At Suimei High, the Sakura-sou dormitory is infamous for housing the school's most notorious delinquents. Thus, when the relatively tame Sorata Kanda is transferred to the dorm, escaping this insane asylum becomes his foremost goal. Trapped there for the time being, he must learn how to deal with his fellow residents, including bubbly animator Misaki Kamiigusa, charming playboy writer Jin Mitaka, and the ever-reclusive Ryuunosuke Akasaka. Surrounded by weirdness, Sorata frequently finds respite in his interactions with his one ""normal"" friend, aspiring voice actress Nanami Aoyama.

When Mashiro Shiina—a new foreign exchange student—joins the dormitory, Sorata is instantly enraptured by her beauty. Underneath her otherworldly appearance, Mashiro is an autistic savant, capable of world-renowned brilliance in her art, yet unable to perform simple daily tasks. After Sorata ends up in charge of taking care of Mashiro, the two inevitably grow closer, with Sorata's initial desire to escape the dormitory becoming a forgotten goal.

Despite their eccentricities, every resident is incredible in their own field, leaving Sorata to contend with his own lack of any particular skill. With brilliance all around him, he thus strives to become an equal to their talent. Revolving around the hardships and joys of its colorful cast, Sakura-sou no Pet na Kanojo is a heartwarming coming-of-age tale of friendship, love, ambition, and heartbreak—through the lens of an ordinary person surrounded by the extraordinary.",TV,24.0,"Oct 9, 2012 to Mar 26, 2013",fall 2012,Finished Airing,"Frontier Works, Genco, Media Factory, Animax, Mainichi Broadcasting System, ASCII Media Works, Sony Music Communications",Sentai Filmworks,J.C.Staff,Light novel,23 min per ep,PG-13 - Teens 13 or older,483.0,102,26065,686956.0,1206053,https://cdn.myanimelist.net/images/anime/4/43643.jpg
11741,Fate/Zero 2nd Season,Fate/Zero Season 2,フェイト/ゼロ 2ndシーズン,8.55,"Action, Fantasy, Supernatural","As the Fourth Holy Grail War rages on with no clear victor in sight, the remaining Servants and their Masters are called upon by Church supervisor Risei Kotomine, in order to band together and confront an impending threat that could unravel the Grail War and bring about the destruction of Fuyuki City. The uneasy truce soon collapses as Masters demonstrate that they will do anything in their power, no matter how despicable, to win.

Seeds of doubt are sown between Kiritsugu Emiya and Saber, his Servant, as their conflicting ideologies on heroism and chivalry clash. Meanwhile, an ominous bond forms between Kirei Kotomine, who still seeks to find his purpose in life, and one of the remaining Servants. As the countdown to the end of the war reaches zero, the cost of winning begins to blur the line between victory and defeat.",TV,12.0,"Apr 8, 2012 to Jun 24, 2012",spring 2012,Finished Airing,"Aniplex, Nitroplus, Seikaisha, Notes",Aniplex of America,ufotable,Light novel,24 min per ep,R - 17+ (violence & profanity),101.0,130,20090,685313.0,1075134,https://cdn.myanimelist.net/images/anime/1522/117645.jpg
11771,Kuroko no Basket,Kuroko's Basketball,黒子のバスケ,8.06,Sports,"For the last three years, Teikou Middle School has dominated the national basketball scene with its legendary lineup: the ""Generation of Miracles."" It consisted of five prodigies who excelled at the sport, but a ""Phantom Sixth Man"" lurked in the shadows and helped earn the team their revered status. Eventually, their monstrous growth jaded them from the sport they loved and made them go their separate ways in high school.

In search of new members, the Seirin High School basketball team recruits Taiga Kagami and Tetsuya Kuroko, two freshmen who seem to have significant differences in abilities. Having returned recently from America, Kagami has both a natural aptitude and relentless love for the sport. Meanwhile, Kuroko lacks presence and exhibits no outstanding athletic talent. However, it is later revealed that he is Teikou's Phantom Sixth Man—the player once part of the Generation of Miracles.

Kuroko wants to prove to the Seirin team that he is strong in his own way. Seeing his conviction, Kagami forms a dynamic partnership with Kuroko, the latter promising to support Kagami's ""light"" as his ""shadow."" Alongside their new Seirin teammates, they aim to conquer the upcoming Interhigh championship, but the reappearance of Kuroko's former teammates complicates their plan.",TV,25.0,"Apr 8, 2012 to Sep 22, 2012",spring 2012,Finished Airing,"Bandai Visual, Lantis, Nihon Ad Systems, Mainichi Broadcasting System, Banpresto, Shueisha, BS11",UNKNOWN,Production I.G,Manga,24 min per ep,PG-13 - Teens 13 or older,518.0,111,20710,682595.0,1154764,https://cdn.myanimelist.net/images/anime/11/50453.jpg
38671,Enen no Shouboutai,Fire Force,炎炎ノ消防隊,7.71,"Action, Supernatural","Spontaneous Human Combustion: a chaotic phenomenon that has plagued humanity for years, randomly transforming ordinary people into flaming, violent creatures known as Infernals. While Infernals make up the first-generation accounts of Human Combustion, the second and third generations became known as pyrokinetics—people gifted with the ability to manipulate and control their flames while remaining human. To combat the Infernal threat and discover the cause, the Tokyo Armed Forces, Fire Defense Agency, and Holy Church of Sol produced their answer: the Special Fire Force.

Young and eager third-generation pyrokinetic Shinra Kusakabe, nicknamed Devil's Footprints for his explosive ability to ignite his feet at will, becomes a member of the lively Special Fire Force Company 8. Upholding the brigade's duty to extinguish the blazing Infernals and lay their souls to rest, Shinra is determined to become a hero who will save the lives of those threatened by the flame terror.

However, this is not the hero's game Shinra imagined. The Fire Force is a fractured mess of feuding brigades, abnormal Infernal sightings are increasing all over Tokyo, and a shadowy group is claiming to have answers to the strange fire that caused the death of Shinra's family 12 years ago. Faced with many obstacles within and outside the Fire Force, Shinra fights to uncover the truth behind the burning mysteries that have kept him in the dark.",TV,24.0,"Jul 6, 2019 to Dec 28, 2019",summer 2019,Finished Airing,"Mainichi Broadcasting System, Kodansha, bilibili, DMM pictures, DMM Music",Funimation,David Production,Manga,23 min per ep,PG-13 - Teens 13 or older,1110.0,98,8931,675181.0,1251581,https://cdn.myanimelist.net/images/anime/1664/103275.jpg
34577,Nanatsu no Taizai: Imashime no Fukkatsu,The Seven Deadly Sins: Revival of the Commandments,七つの大罪 戒めの復活,7.59,"Action, Adventure, Fantasy","The fierce battle between Meliodas, the captain of the Seven Deadly Sins, and the Great Holy Knight Hendrickson has devastating consequences. Armed with the fragments necessary for the revival of the Demon Clan, Hendrickson breaks the seal, allowing the Commandments to escape, all of whom are mighty warriors working directly under the Demon King himself. Through a mysterious connection, Meliodas instantly identifies them; likewise, the 10 Commandments, too, seem to sense his presence.

As the demons leave a path of destruction in their wake, the Seven Deadly Sins must find a way to stop them before the Demon Clan drowns Britannia in blood and terror.",TV,24.0,"Jan 13, 2018 to Jun 30, 2018",winter 2018,Finished Airing,"Aniplex, Dentsu, Kodansha, Movic, Sammy",UNKNOWN,A-1 Pictures,Manga,24 min per ep,PG-13 - Teens 13 or older,1406.0,129,3743,674789.0,1079654,https://cdn.myanimelist.net/images/anime/11/90089.jpg
36511,Tokyo Ghoul:re,Tokyo Ghoul:re,東京喰種トーキョーグール：re,6.37,"Action, Fantasy, Horror","Two years have passed since the CCG's raid on Anteiku. Although the atmosphere in Tokyo has changed drastically due to the increased influence of the CCG, ghouls continue to pose a problem as they have begun taking caution, especially the terrorist organization Aogiri Tree, who acknowledge the CCG's growing threat to their existence.

The creation of a special team, known as the Quinx Squad, may provide the CCG with the push they need to exterminate Tokyo's unwanted residents. As humans who have undergone surgery in order to make use of the special abilities of ghouls, they participate in operations to eradicate the dangerous creatures. The leader of this group, Haise Sasaki, is a half-ghoul, half-human who has been trained by famed special class investigator, Kishou Arima. However, there's more to this young man than meets the eye, as unknown memories claw at his mind, slowly reminding him of the person he used to be.",TV,12.0,"Apr 3, 2018 to Jun 19, 2018",spring 2018,Finished Airing,"Marvelous, Pierrot Plus, TC Entertainment",Funimation,Pierrot,Manga,24 min per ep,R - 17+ (violence & profanity),7030.0,122,3776,668942.0,1122310,https://cdn.myanimelist.net/images/anime/1063/95086.jpg
6880,Deadman Wonderland,Deadman Wonderland,デッドマン・ワンダーランド,7.15,"Action, Horror, Sci-Fi, Supernatural","It looked like it would be a normal day for Ganta Igarashi and his classmates—they were preparing to go on a class field trip to a certain prison amusement park called Deadman Wonderland, where the convicts perform dangerous acts for the onlookers' amusement. However, Ganta's life is quickly turned upside down when his whole class gets massacred by a mysterious man in red. Framed for the incident and sentenced to death, Ganta is sent to the very jail he was supposed to visit. 

But Ganta's nightmare is only just beginning. 

The young protagonist is thrown into a world of sadistic inmates and enigmatic powers, to live in constant fear of the lethal collar placed around his neck that is slowed only by winning in the prison's deathly games. Ganta must bet his life to survive in a ruthless place where it isn't always easy to tell friend from foe, all while trying to find the mysterious ""Red Man"" and clear his name, in Deadman Wonderland.",TV,12.0,"Apr 17, 2011 to Jul 3, 2011",spring 2011,Finished Airing,"Kadokawa Shoten, Kadokawa Pictures Japan, KlockWorx, AMG MUSIC",Funimation,Manglobe,Manga,24 min per ep,R - 17+ (violence & profanity),3311.0,104,6667,666377.0,1198634,https://cdn.myanimelist.net/images/anime/9/75299.jpg
23847,Yahari Ore no Seishun Love Comedy wa Machigatteiru. Zoku,My Teen Romantic Comedy SNAFU TOO!,やはり俺の青春ラブコメはまちがっている。続,8.21,"Comedy, Romance","With the Volunteer Service Club now firmly established, it is receiving more requests from students in search of solutions to their various issues. However, the club members often struggle to see eye to eye when it comes to their problem-solving ideals. The suggestions that Hachiman Hikigaya recommends frequently clash with those of Yukino Yukinoshita, fracturing the relationships within the club. 

Despite their differences, with the trio constantly trying to find common ground, they may soon reach a point where they discover something genuine.",TV,13.0,"Apr 3, 2015 to Jun 26, 2015",spring 2015,Finished Airing,"TBS, Marvelous AQL, NBCUniversal Entertainment Japan",Sentai Filmworks,feel.,Light novel,24 min per ep,PG-13 - Teens 13 or older,332.0,140,15731,658913.0,1016386,https://cdn.myanimelist.net/images/anime/11/75376.jpg
35120,Devilman: Crybaby,Devilman: Crybaby,DEVILMAN crybaby,7.76,"Action, Avant Garde, Horror, Supernatural","Devils cannot take form without a living host. However, if the will of an individual is strong enough, they can overcome the demon and make its power their own, becoming a Devilman.

Weak and unassuming, Akira Fudou has always had a bleeding heart. So when his childhood friend Ryou Asuka asks for his help in uncovering devils, Akira accepts without hesitation. However, to Akira's surprise, the place they go to is Sabbath: an immoral party of debauchery and degeneracy. Amidst bloodshed and death, demons possess the partiers, turning their bodies into grotesque monsters, and begin wreaking havoc. In a reckless attempt to save his best friend, Akira unwittingly merges with the devil Amon and becomes a Devilman, gaining the power to defeat the remaining demons.

Though it grants him great power, this new partnership awakens an insatiable and primeval part of Akira. Having the body of a devil but the same crybaby heart, Akira works alongside Ryou, destroying those that harm humanity and his loved ones.",ONA,10.0,"Jan 5, 2018",UNKNOWN,Finished Airing,"Aniplex, Dynamic Planning, Netflix",UNKNOWN,Science SARU,Manga,25 min per ep,R+ - Mild Nudity,1000.0,126,23073,658702.0,1083108,https://cdn.myanimelist.net/images/anime/2/89973.jpg
523,Tonari no Totoro,My Neighbor Totoro,となりのトトロ,8.25,"Adventure, Award Winning, Supernatural","In 1950s Japan, Tatsuo Kusakabe relocates himself and his two daughters, Satsuki and Mei, to the countryside to be closer to their mother, who is hospitalized due to long-term illness. As the girls grow acquainted with rural life, Mei encounters a small, bunny-like creature in the yard one day. Chasing it into the forest, she finds ""Totoro""—a giant, mystical forest spirit whom she soon befriends. Before long, Satsuki too meets Totoro, and the two girls suddenly find their lives filled with magical adventures in nature and fantastical creatures of the woods.",Movie,1.0,"Apr 16, 1988",UNKNOWN,Finished Airing,"Studio Fantasia, Streamline Pictures","Disney Platform Distribution, GKIDS",Studio Ghibli,Original,1 hr 26 min,G - All Ages,287.0,143,7978,658094.0,1009153,https://cdn.myanimelist.net/images/anime/4/75923.jpg
31478,Bungou Stray Dogs,Bungo Stray Dogs,文豪ストレイドッグス,7.82,"Action, Mystery, Supernatural","For weeks, Atsushi Nakajima's orphanage has been plagued by a mystical tiger that only he seems to be unaware of. Suspected to be behind the strange incidents, the 18-year-old is abruptly kicked out of the orphanage and left hungry, homeless, and wandering through the city.

While starving on a riverbank, Atsushi saves a rather eccentric man named Osamu Dazai from drowning. Whimsical suicide enthusiast and supernatural detective, Dazai has been investigating the same tiger that has been terrorizing the boy. Together with Dazai's partner Doppo Kunikida, they solve the mystery, but its resolution leaves Atsushi in a tight spot. As various odd events take place, Atsushi is coerced into joining their firm of supernatural investigators, taking on unusual cases the police cannot handle, alongside his numerous enigmatic co-workers.",TV,12.0,"Apr 7, 2016 to Jun 23, 2016",spring 2016,Finished Airing,"Lantis, Movic, KlockWorx, Bandai Namco Live Creative, Glovision, Lawson HMV Entertainment, Sony PCL, Kadokawa","Funimation, Crunchyroll",Bones,Manga,23 min per ep,R - 17+ (violence & profanity),877.0,92,25238,657572.0,1300357,https://cdn.myanimelist.net/images/anime/3/79409.jpg
853,Ouran Koukou Host Club,Ouran High School Host Club,桜蘭高校ホスト部,8.16,"Comedy, Romance","Haruhi Fujioka is a studious girl who has recently enrolled at the prestigious Ouran Academy. One day, while looking for a quiet and peaceful place to study, she stumbles across a seemingly unused music room. Upon entering, Haruhi is welcomed by the members of the well-known Host Club: a club in which attractive boys amuse girls from across the entire school. However, when Tamaki Suou—the founder and president of the club—startles the bright scholarship student, she accidentally breaks an expensive vase.

With repayment looking difficult for Haruhi, the Host Club members come up with the perfect solution to the girl's problem: work for the club and ultimately become a Host herself! Mistaken for a boy by her peers, Haruhi has to entertain various female students while coping with her fellow Hosts' extravagant personalities.",TV,26.0,"Apr 5, 2006 to Sep 27, 2006",spring 2006,Finished Airing,"VAP, Hakusensha, Nippon Television Network",Funimation,Bones,Manga,23 min per ep,PG-13 - Teens 13 or older,397.0,128,33261,655804.0,1081441,https://cdn.myanimelist.net/images/anime/2/71992.jpg
22297,Fate/stay night: Unlimited Blade Works,Fate/stay night [Unlimited Blade Works],Fate/stay night [Unlimited Blade Works],8.19,"Action, Fantasy, Supernatural","The Holy Grail War is a battle royale among seven magi who serve as Masters. Masters, through the use of the command seals they are given when they enter the war, command Heroic Spirits known as Servants to fight for them in battle. In the Fifth Holy Grail War, Rin Toosaka is among the magi entering the competition. With her Servant, Archer, she hopes to obtain the ultimate prize—the Holy Grail, a magical artifact capable of granting its wielder any wish.
 
One of Rin's classmates, Shirou Emiya, accidentally enters the competition and ends up commanding a Servant of his own known as Saber. As they find themselves facing mutual enemies, Rin and Shirou decide to form a temporary alliance as they challenge their opponents in the Holy Grail War.",TV,12.0,"Oct 12, 2014 to Dec 28, 2014",fall 2014,Finished Airing,"Aniplex, Notes",Aniplex of America,ufotable,Visual novel,28 min per ep,R - 17+ (violence & profanity),356.0,137,16063,648901.0,1024263,https://cdn.myanimelist.net/images/anime/12/67333.jpg
6746,Durarara!!,Durarara!!,デュラララ!!,8.11,"Action, Mystery, Supernatural","In Tokyo's downtown district of Ikebukuro, amidst many strange rumors and warnings of anonymous gangs and dangerous occupants, one urban legend stands out above the rest—the existence of a headless ""Black Rider"" who is said to be seen driving a jet-black motorcycle through the city streets.

Mikado Ryuugamine has always longed for the excitement of the city life, and an invitation from a childhood friend convinces him to move to Tokyo. Witnessing the Black Rider on his first day in the city, his wishes already seem to have been granted. But as supernatural events begin to occur, ordinary citizens like himself, along with Ikebukuro's most colorful inhabitants, are mixed up in the commotion breaking out in their city.",TV,24.0,"Jan 8, 2010 to Jun 25, 2010",winter 2010,Finished Airing,"Aniplex, Square Enix, Mainichi Broadcasting System, Movic, ASCII Media Works, Sakura Create",Aniplex of America,Brain's Base,Light novel,24 min per ep,R - 17+ (violence & profanity),453.0,83,29819,648391.0,1361457,https://cdn.myanimelist.net/images/anime/10/71772.jpg
44511,Chainsaw Man,Chainsaw Man,チェンソーマン,8.59,"Action, Fantasy","Denji is robbed of a normal teenage life, left with nothing but his deadbeat father's overwhelming debt. His only companion is his pet, the chainsaw devil Pochita, with whom he slays devils for money that inevitably ends up in the yakuza's pockets. All Denji can do is dream of a good, simple life: one with delicious food and a beautiful girlfriend by his side. But an act of greedy betrayal by the yakuza leads to Denji's brutal, untimely death, crushing all hope of him ever achieving happiness.

Remarkably, an old contract allows Pochita to merge with the deceased Denji and bestow devil powers on him, changing him into a hybrid able to transform his body parts into chainsaws. Because Denji's new abilities pose a significant risk to society, the Public Safety Bureau's elite devil hunter Makima takes him in, letting him live as long as he obeys her command. Guided by the promise of a content life alongside an attractive woman, Denji devotes everything and fights with all his might to make his naive dreams a reality.",TV,12.0,"Oct 12, 2022 to Dec 28, 2022",fall 2022,Finished Airing,UNKNOWN,UNKNOWN,MAPPA,Manga,24 min per ep,R - 17+ (violence & profanity),85.0,95,41416,645613.0,1273667,https://cdn.myanimelist.net/images/anime/1806/126216.jpg
223,Dragon Ball,Dragon Ball,ドラゴンボール,7.96,"Action, Adventure, Comedy, Fantasy","Gokuu Son is a young boy who lives in the woods all alone—that is, until a girl named Bulma runs into him in her search for a set of magical objects called the ""Dragon Balls."" Since the artifacts are said to grant one wish to whoever collects all seven, Bulma hopes to gather them and wish for a perfect boyfriend. Gokuu happens to be in possession of a dragon ball, but unfortunately for Bulma, he refuses to part ways with it, so she makes him a deal: he can tag along on her journey if he lets her borrow the dragon ball's power. With that, the two set off on the journey of a lifetime.

They don't go on the journey alone. On the way, they meet the old Muten-Roshi and wannabe disciple Kuririn, with whom Gokuu trains to become a stronger martial artist for the upcoming World Martial Arts Tournament. However, it's not all fun and games; the ability to make any wish come true is a powerful one, and there are others who would do much worse than just wishing for a boyfriend. To stop those who would try to abuse the legendary power, they train to become stronger fighters, using their newfound strength to help the people around them along the way.",TV,153.0,"Feb 26, 1986 to Apr 12, 1989",winter 1986,Finished Airing,Fuji TV,"Funimation, Harmony Gold",Toei Animation,Manga,24 min per ep,PG-13 - Teens 13 or older,640.0,149,14998,640286.0,989241,https://cdn.myanimelist.net/images/anime/1887/92364.jpg
4181,Clannad: After Story,Clannad: After Story,CLANNAD〜AFTER STORY〜 クラナド アフターストーリー,8.93,"Drama, Romance, Supernatural","Clannad: After Story, the sequel to the critically acclaimed slice-of-life series Clannad, begins after Tomoya Okazaki and Nagisa Furukawa graduate from high school. Together, they experience the emotional rollercoaster of growing up. Unable to decide on a course for his future, Tomoya learns the value of a strong work ethic and discovers the strength of Nagisa's support. Through the couple's dedication and unity of purpose, they push forward to confront their personal problems, deepen their old relationships, and create new bonds.

Time also moves on in the Illusionary World. As the plains grow cold with the approach of winter, the Illusionary Girl and the Garbage Doll are presented with a difficult situation that reveals the World's true purpose.

Based on the visual novel by Key and produced by Kyoto Animation, Clannad: After Story is an impactful drama highlighting the importance of family and the struggles of adulthood.",TV,24.0,"Oct 3, 2008 to Mar 27, 2009",fall 2008,Finished Airing,"Pony Canyon, TBS, Rakuonsha, Animation Do",Sentai Filmworks,Kyoto Animation,Visual novel,24 min per ep,PG-13 - Teens 13 or older,19.0,114,68949,639729.0,1149886,https://cdn.myanimelist.net/images/anime/1299/110774.jpg
18897,Nisekoi,"Nisekoi: Liebe, Lügen & Yakuza",ニセコイ,7.57,"Comedy, Romance","Raku Ichijou, a first-year student at Bonyari High School, is the sole heir to an intimidating yakuza family. Ten years ago, Raku made a promise to his childhood friend. Now, all he has to go on is a pendant with a lock, which can only be unlocked with the key which the girl took with her when they parted.

Now, years later, Raku has grown into a typical teenager, and all he wants is to remain as uninvolved in his yakuza background as possible while spending his school days alongside his middle school crush Kosaki Onodera. However, when the American Bee Hive Gang invades his family's turf, Raku's idyllic romantic dreams are sent for a toss as he is dragged into a frustrating conflict: Raku is to pretend that he is in a romantic relationship with Chitoge Kirisaki, the beautiful daughter of the Bee Hive's chief, so as to reduce the friction between the two groups. Unfortunately, reality could not be farther from this whopping lie—Raku and Chitoge fall in hate at first sight, as the girl is convinced he is a pathetic pushover, and in Raku's eyes, Chitoge is about as attractive as a savage gorilla. 

Nisekoi follows the daily antics of this mismatched couple who have been forced to get along for the sake of maintaining the city's peace. With many more girls popping up his life, all involved with Raku's past somehow, his search for the girl who holds his heart and his promise leads him in more unexpected directions than he expects.",TV,20.0,"Jan 11, 2014 to May 24, 2014",winter 2014,Finished Airing,"Aniplex, Mainichi Broadcasting System, Shueisha",Aniplex of America,Shaft,Manga,24 min per ep,PG-13 - Teens 13 or older,1455.0,120,10651,638751.0,1130526,https://cdn.myanimelist.net/images/anime/13/75587.jpg
37991,JoJo no Kimyou na Bouken Part 5: Ougon no Kaze,JoJo's Bizarre Adventure: Golden Wind,ジョジョの奇妙な冒険 黄金の風,8.58,"Action, Adventure, Supernatural","In the coastal city of Naples, corruption is teeming—the police blatantly conspire with outlaws, drugs run rampant around the youth, and the mafia governs the streets with an iron fist. However, various fateful encounters will soon occur.

Enter Giorno Giovanna, a 15-year-old boy with an eccentric connection to the Joestar family, who makes a living out of part-time jobs and pickpocketing. Furthermore, he is gifted with the unexplained Stand ability to give and create life—growing plants from the ground and turning inanimate objects into live animals, an ability he has dubbed ""Gold Experience."" Fascinated by the might of local gangsters, Giorno has dreamed of rising up in their ranks and becoming a ""Gang-Star,"" a feat made possible by his encounter with Bruno Bucciarati, a member of the Passione gang with his own sense of justice.

JoJo no Kimyou na Bouken: Ougon no Kaze follows the endeavors of Giorno after joining Bruno's team while working under Passione, fending off other gangsters and secretly plotting to overthrow their mysterious boss.",TV,39.0,"Oct 6, 2018 to Jul 28, 2019",fall 2018,Finished Airing,"Warner Bros. Japan, KlockWorx, Medicos Entertainment, Shueisha",VIZ Media,David Production,Manga,23 min per ep,R - 17+ (violence & profanity),87.0,154,30447,638566.0,958134,https://cdn.myanimelist.net/images/anime/1572/95010.jpg
42249,Tokyo Revengers,Tokyo Revengers,東京リベンジャーズ,8.0,"Action, Drama, Supernatural","Takemichi Hanagaki's second year of middle school was the highest point in his life. He had respect, a gang of friends he could count on, and even a girlfriend. But that was twelve years ago. Today, he's a nobody: a washed-up nonentity made fun of by children and always forced to apologize to his younger boss. A sudden news report on the Tokyo Manji Gang's cruel murder of the only girlfriend he ever had alongside her brother only adds insult to injury. Half a second before a train ends his pitiful life for good, Takemichi flashes back to that same day 12 years ago, when he was still dating Hinata Tachibana.

After being forced to relive the very same day that began his downward spiral, Takemichi meets Hinata's younger brother. Without thinking, he admits to his seeming death before flashing back to the past. Takemichi urges him to protect his sister before inexplicably returning to the future. Miraculously, he is not dead. Stranger still, the future has changed. It seems as though Takemichi can alter the flow of time. Given the chance to prevent his ex-girlfriend's tragic death at the hands of the Tokyo Manji Gang, Takemichi decides to fly through time to change the course of the future.",TV,24.0,"Apr 11, 2021 to Sep 19, 2021",spring 2021,Finished Airing,"Mainichi Broadcasting System, Pony Canyon, Kodansha, AT-X, Ultra Super Pictures, Studio Mausu, Sammy",UNKNOWN,LIDENFILMS,Manga,23 min per ep,R - 17+ (violence & profanity),580.0,112,24932,630338.0,1153566,https://cdn.myanimelist.net/images/anime/1839/122012.jpg
48583,Shingeki no Kyojin: The Final Season Part 2,Attack on Titan: Final Season Part 2,進撃の巨人 The Final Season Part 2,8.77,"Action, Drama","Turning against his former allies and enemies alike, Eren Yeager sets a disastrous plan in motion. Under the guidance of the Beast Titan, Zeke, Eren takes extreme measures to end the ancient conflict between Marley and Eldia—but his true intentions remain a mystery. Delving deep into his family's past, Eren fights to control his own destiny.

Meanwhile, the long-feuding nations of Marley and Eldia utilize both soldiers and Titans in a brutal race to eliminate the other. Reiner Braun uses his own powers in a desperate bid to hold off Eren's own militaristic force, and his fellow Eldians—children Falco Grice and Gabi Braun—struggle to survive in the unfolding chaos.

Elsewhere, Eren's childhood friends Mikasa Ackerman and Armin Arlert remain imprisoned alongside Eren's former Survey Corps companions, all disturbed by Eren's monstrous transformation. Under the blind belief that Eren still secretly harbors good intentions, Mikasa and the others enter the fray in an attempt to save their friend's very soul.",TV,12.0,"Jan 10, 2022 to Apr 4, 2022",winter 2022,Finished Airing,"Production I.G, Dentsu, Mainichi Broadcasting System, Pony Canyon, Kodansha, Pony Canyon Enterprise",UNKNOWN,MAPPA,Manga,23 min per ep,R - 17+ (violence & profanity),39.0,119,29161,628827.0,1133470,https://cdn.myanimelist.net/images/anime/1948/120625.jpg
37349,Goblin Slayer,Goblin Slayer,ゴブリンスレイヤー,7.42,"Action, Adventure, Fantasy","Goblins are known for their ferocity, cunning, and rapid reproduction, but their reputation as the lowliest of monsters causes their threat to be overlooked. Raiding rural civilizations to kidnap females of other species for breeding, these vile creatures are free to continue their onslaught as adventurers turn a blind eye in favor of more rewarding assignments with larger bounties.

To commemorate her first day as a Porcelain-ranked adventurer, the 15-year-old Priestess joins a band of young, enthusiastic rookies to investigate a tribe of goblins responsible for the disappearance of several village women. Unprepared and inexperienced, the group soon faces its inevitable demise from an ambush while exploring a cave. With no one else left standing, the terrified Priestess accepts her fate—until the Goblin Slayer unexpectedly appears to not only rescue her with little effort, but destroy the entire goblin nest. 

As a holder of the prestigious Silver rank, the Goblin Slayer allows her to accompany him as he assists the Adventurer's Guild in all goblin-related matters. Together with the Priestess, High Elf, Dwarf, and Lizardman, the armored warrior will not rest until every single goblin in the frontier lands has been eradicated for good.",TV,12.0,"Oct 7, 2018 to Dec 30, 2018",fall 2018,Finished Airing,"Sony Pictures Entertainment, Frontier Works, AT-X, SoftBank Creative, Bushiroad, Hakuhodo DY Music & Pictures, Good Smile Film, Artist Management Office",Funimation,White Fox,Light novel,23 min per ep,R - 17+ (violence & profanity),2013.0,133,6984,627847.0,1048766,https://cdn.myanimelist.net/images/anime/1719/95621.jpg
10793,Guilty Crown,Guilty Crown,ギルティクラウン,7.42,"Action, Drama, Sci-Fi","On December 24, 2029—the day colloquially known as the ""Lost Christmas""—the Apocalypse Virus spread across Japan, bringing death to its citizens and plunging the country into utter chaos. In an effort to establish order, the United Nations sends the GHQ to assist with the crisis by containing the outbreak while removing all political autonomy in the process. A decade later, the country still lives under their control, unable to break free from their draconian rule.

Frustrated with the state of the nation, a resistance group named the Funeral Parlor aims to liberate Japan from the GHQ. Led by the charismatic Gai Tsutsugami, the group plots to steal a vial containing the ""Void Genome"" to further their goals. The vial falls into the hands of internet vocalist Inori Yuzuriha, who ends up being hunted by the GHQ's Anti-Bodies forces. Having nowhere to go, she seeks refuge in a warehouse where she meets Shuu Ouma—a socially awkward high school student who is a huge fan of her music.

Shuu gets dragged into the conflict the moment he rescues Inori, and the Void Genome shatters in his hand, granting him the ""Power of the Kings."" While learning how to control his grand new ability, Shuu must now fight to liberate Japan from its cruel oppressors.",TV,22.0,"Oct 14, 2011 to Mar 23, 2012",fall 2011,Finished Airing,"Aniplex, Dentsu, Movic, Fuji TV, Fujipacific Music, 1IN",Funimation,Production I.G,Original,24 min per ep,R - 17+ (violence & profanity),2014.0,108,16859,622006.0,1181007,https://cdn.myanimelist.net/images/anime/1566/133912.jpg
12189,Hyouka,Hyouka,氷菓,8.08,"Mystery, Slice of Life","High school freshman Houtarou Oreki has but one goal: to lead a gray life while conserving as much energy as he can. Unfortunately, his peaceful days come to an end when his older sister, Tomoe, forces him to save the memberless Classics Club from disbandment.

Luckily, Oreki's predicament seems to be over when he heads to the clubroom and discovers that his fellow first-year, Eru Chitanda, has already become a member. However, despite his obligation being fulfilled, Oreki finds himself entangled by Chitanda's curious and bubbly personality, soon joining the club of his own volition.

Hyouka follows the four members of the Classics Club—including Oreki's friends Satoshi Fukube and Mayaka Ibara—as they, driven by Chitanda's insatiable curiosity, solve the trivial yet intriguing mysteries that permeate their daily lives.",TV,22.0,"Apr 23, 2012 to Sep 17, 2012",spring 2012,Finished Airing,"Lantis, Kadokawa Shoten, KlockWorx, chara-ani.com, Animation Do",Funimation,Kyoto Animation,Novel,25 min per ep,PG-13 - Teens 13 or older,493.0,90,26320,615600.0,1315575,https://cdn.myanimelist.net/images/anime/13/50521.jpg
205,Samurai Champloo,Samurai Champloo,サムライチャンプルー,8.51,"Action, Adventure, Comedy","Fuu Kasumi is a young and clumsy waitress who spends her days peacefully working in a small teahouse. That is, until she accidentally spills a drink all over one of her customers! With a group of samurai now incessantly harassing her, Fuu desperately calls upon another samurai in the shop, Mugen, who quickly defeats them with his wild fighting technique, utilizing movements reminiscent to that of breakdancing. Unfortunately, Mugen decides to pick a fight with the unwilling ronin Jin, who wields a more precise and traditional style of swordfighting, and the latter proves to be a formidable opponent. The only problem is, they end up destroying the entire shop as well as accidentally killing the local magistrate's son.

For their crime, the two samurai are captured and set to be executed. However, they are rescued by Fuu, who hires the duo as her bodyguards. Though she no longer has a place to return to, the former waitress wishes to find a certain samurai who smells of sunflowers and enlists the help of the now exonerated pair to do so. Despite initially disapproving of this idea, the two eventually agree to assist the girl in her quest; thus, the trio embark upon an adventure to find this mysterious warrior—that is, if Fuu can keep Mugen and Jin from killing each other.

Set in an alternate Edo Period of Japan, Samurai Champloo follows the journey of these three eccentric individuals in an epic quest full of action, comedy, and dynamic sword fighting, all set to the beat of a unique hip-hop infused soundtrack.",TV,26.0,"May 20, 2004 to Mar 19, 2005",spring 2004,Finished Airing,"Victor Entertainment, Fuji TV, Barnum Studio, Tokuma Shoten, flying DOG","Funimation, Geneon Entertainment USA",Manglobe,Original,24 min per ep,R - 17+ (violence & profanity),120.0,106,36236,612643.0,1187090,https://cdn.myanimelist.net/images/anime/1375/121599.jpg
39587,Re:Zero kara Hajimeru Isekai Seikatsu 2nd Season,Re:ZERO -Starting Life in Another World- Season 2,Re：ゼロから始める異世界生活,8.34,"Drama, Fantasy, Suspense","A reunion that was supposed to spell the arrival of peaceful times is quickly shattered when Subaru Natsuki and Emilia return to Irlam village. Witnessing the devastation left behind by the calamities known as Sin Archbishops, Subaru sinks into the depths of despair as his ability to redo proves futile.

As the group makes their way to the Sanctuary in search of answers, Subaru has an unexpected encounter with the Witch of Greed—Echidna. Subjected to her untamed rhythm, he is forced to dive into the spirals of the past and future. At the same time, several mysterious threats set their sights on the Sanctuary, heralding a horrific fate for the hapless people trapped within.

Everlasting contracts, past sins, and unrequited love will clash and submerge into a river of blood in the second season of Re:Zero kara Hajimeru Isekai Seikatsu. Pushed to the brink of hopelessness, how long will Subaru's resolve to save his loved ones last?",TV,13.0,"Jul 8, 2020 to Sep 30, 2020",summer 2020,Finished Airing,"AT-X, Memory-Tech, Hakuhodo DY Music & Pictures, Kadokawa Media House, Kadokawa",UNKNOWN,White Fox,Light novel,27 min per ep,R - 17+ (violence & profanity),212.0,134,11355,601177.0,1042943,https://cdn.myanimelist.net/images/anime/1444/108005.jpg
35073,Overlord II,Overlord II,オーバーロードⅡ,7.76,"Action, Adventure, Fantasy","Ainz Ooal Gown, the undead sorcerer formerly known as Momonga, has accepted his place in this new world. Though it bears similarities to his beloved virtual reality game Yggdrasil, it still holds many mysteries which he intends to uncover, by utilizing his power as ruler of the Great Tomb of Nazarick. However, ever since the disastrous brainwashing of one of his subordinates, Ainz has become wary of the impending dangers of the Slane Theocracy, as well as the possible existence of other former Yggdrasil players. Meanwhile, Albedo, Demiurge and the rest of Ainz's loyal guardians set out to prepare for the next step in their campaign: Nazarick's first war…

Overlord II picks up immediately after its prequel, continuing the story of Ainz Ooal Gown, his eclectic army of human-hating guardians, and the many hapless humans affected by the Overlord's arrival.",TV,13.0,"Jan 9, 2018 to Apr 3, 2018",winter 2018,Finished Airing,"AT-X, Enterbrain, Grooove, Hakuhodo DY Music & Pictures, NTT Plala, Kadokawa",Funimation,Madhouse,Light novel,23 min per ep,R - 17+ (violence & profanity),1006.0,151,4308,600774.0,967183,https://cdn.myanimelist.net/images/anime/1212/113415.jpg
23283,Zankyou no Terror,Terror in Resonance,残響のテロル,8.1,"Mystery, Suspense","Painted in red, the word ""VON"" is all that is left behind after a terrorist attack on a nuclear facility in Japan. The government is shattered by their inability to act, and the police are left frantically searching for ways to crack down the perpetrators. The public are clueless—until, six months later, a strange video makes its way onto the internet. In it, two teenage boys who identify themselves only as ""Sphinx"" directly challenge the police, threatening to cause destruction and mayhem across Tokyo. Unable to stop the mass panic quickly spreading through the city and desperate for any leads in their investigation, the police struggle to act effectively against these terrorists, with Detective Kenjirou Shibazaki caught in the middle of it all.

Zankyou no Terror tells the story of Nine and Twelve, the two boys behind the masked figures of Sphinx. They should not exist, yet they stand strong in a world of deception and secrets while they make the city fall around them, all in the hopes of burying their own tragic truth.",TV,11.0,"Jul 11, 2014 to Sep 26, 2014",summer 2014,Finished Airing,"Aniplex, Dentsu, Fuji TV, Tohokushinsha Film Corporation, Kyoraku Industrial Holdings",Funimation,MAPPA,Original,22 min per ep,R - 17+ (violence & profanity),464.0,123,21515,594065.0,1117359,https://cdn.myanimelist.net/images/anime/1417/117422.jpg
4898,Kuroshitsuji,Black Butler,黒執事,7.66,"Action, Comedy, Mystery, Supernatural","Young Ciel Phantomhive is known as ""the Queen's Guard Dog,"" taking care of the many unsettling events that occur in Victorian England for Her Majesty. Aided by Sebastian Michaelis, his loyal butler with seemingly inhuman abilities, Ciel uses whatever means necessary to get the job done. But is there more to this black-clad butler than meets the eye?

In Ciel's past lies a secret tragedy that enveloped him in perennial darkness—during one of his bleakest moments, he formed a contract with Sebastian, a demon, bargaining his soul in exchange for vengeance upon those who wronged him. Today, not only is Sebastian one hell of a butler, but he is also the perfect servant to carry out his master's orders—all the while anticipating the delicious meal he will eventually make of Ciel's soul. As the two work to unravel the mystery behind Ciel's chain of misfortunes, a bond forms between them that neither heaven nor hell can tear apart.",TV,24.0,"Oct 3, 2008 to Mar 27, 2009",fall 2008,Finished Airing,"Aniplex, Square Enix, Yomiko Advertising, Mainichi Broadcasting System, Movic, Trinity Sound","Funimation, Aniplex of America",A-1 Pictures,Manga,24 min per ep,R - 17+ (violence & profanity),1228.0,118,22093,589955.0,1136613,https://cdn.myanimelist.net/images/anime/5/27013.jpg
40839,"Kanojo, Okarishimasu",Rent-a-Girlfriend,彼女、お借りします,7.06,"Comedy, Romance","Kazuya Kinoshita is a 20-year-old college student who has a wonderful girlfriend: the bright and sunny Mami Nanami. But suddenly, he doesn't. Without warning, Mami breaks up with him, leaving him utterly heartbroken and lonely. Seeking to soothe the pain, he hires a rental girlfriend through an online app. His partner is Chizuru Mizuhara, who through her unparalleled beauty and cute demeanor, manages to gain Kazuya's affection.

But after reading similar experiences other customers had had with Chizuru, Kazuya believes her warm smile and caring personality were all just an act to toy with his heart, and he rates her poorly. Aggravated, Chizuru lambastes him for his shameless hypocrisy, revealing her true pert and hot-tempered self. This one-sided exchange is cut short, however, when Kazuya finds out that his grandmother has collapsed.

They dash toward the hospital and find Kazuya's grandmother already in good condition. Baffled by Chizuru's presence, she asks who this girl might be. On impulse, Kazuya promptly declares that they are lovers, forcing Chizuru to play the part. But with Kazuya still hung up on his previous relationship with Mami, how long can this difficult client and reluctant rental girlfriend keep up their act?",TV,12.0,"Jul 11, 2020 to Sep 26, 2020",summer 2020,Finished Airing,"Mainichi Broadcasting System, Kodansha, DMM pictures, DMM Music",UNKNOWN,TMS Entertainment,Manga,24 min per ep,PG-13 - Teens 13 or older,3741.0,160,8118,587895.0,921889,https://cdn.myanimelist.net/images/anime/1902/128382.jpg
36474,Sword Art Online: Alicization,Sword Art Online: Alicization,ソードアート・オンライン アリシゼーション,7.56,"Action, Adventure, Fantasy","The Soul Translator is a state-of-the-art full-dive interface which interacts with the user's Fluctlight—the technological equivalent of a human soul—and fundamentally differs from the orthodox method of sending signals to the brain. The private institute Rath aims to perfect their creation by enlisting the aid of Sword Art Online survivor Kazuto Kirigaya. He works there as a part-time employee to test the system's capabilities in the Underworld: the fantastical realm generated by the Soul Translator. As per the confidentiality contract, any memories created by the machine in the virtual world are wiped upon returning to the real world. Kazuto can only vaguely recall a single name, Alice, which provokes a sense of unease when mentioned in reality.

When Kazuto escorts Asuna Yuuki home one evening, they chance upon a familiar foe. Kazuto is mortally wounded in the ensuing fight and loses consciousness. When he comes to, he discovers that he has made a full-dive into the Underworld with seemingly no way to escape. He sets off on a quest, seeking a way back to the physical world once again.",TV,24.0,"Oct 7, 2018 to Mar 31, 2019",fall 2018,Finished Airing,"Aniplex, Genco, Bandai Namco Entertainment, Egg Firm, Straight Edge, Kadokawa",Aniplex of America,A-1 Pictures,Light novel,24 min per ep,R - 17+ (violence & profanity),1523.0,145,7036,587461.0,991983,https://cdn.myanimelist.net/images/anime/1993/93837.jpg
32,Neon Genesis Evangelion: The End of Evangelion,Neon Genesis Evangelion: The End of Evangelion,新世紀エヴァンゲリオン劇場版 THE END OF EVANGELION,8.55,"Avant Garde, Drama, Sci-Fi","Shinji Ikari is left emotionally comatose after the death of a dear friend. With his son mentally unable to pilot the humanoid robot Evangelion Unit-01, Gendou Ikari's NERV races against the shadow organization SEELE to see who can enact their ultimate plan first. SEELE desires to create a godlike being by fusing their own souls into an Evangelion unit, while Gendou wishes to revert all of humanity into one primordial being so that he can be reunited with Yui, his deceased wife.

SEELE unleashes its military forces in a lethal invasion of NERV headquarters. As SEELE's forces cut down NERV's scientists and security personnel, Asuka Langley Souryuu pilots Evangelion Unit-02 in a desperate last stand against SEELE's heaviest weaponry.

The battle rages on, and a depressed Shinji hides deep within NERV's headquarters. With the fate of the world resting in Shinji's hands, Captain Misato Katsuragi hunts for the teenage boy as society crumbles around them.",Movie,1.0,"Jul 19, 1997",UNKNOWN,Finished Airing,"TV Tokyo, Toei Animation, Kadokawa Shoten, Movic, Sega, TV Tokyo Music, Audio Tanaka","GKIDS, Manga Entertainment","Gainax, Production I.G",Original,1 hr 26 min,R+ - Mild Nudity,98.0,177,27272,586441.0,879361,https://cdn.myanimelist.net/images/anime/1404/98182.jpg
14227,Tonari no Kaibutsu-kun,My Little Monster,となりの怪物くん,7.48,"Comedy, Romance","Shizuku Mizutani is apathetic toward her classmates, only caring about her grades. However, her cold view of life begins to change when she meets Haru Yoshida, a violent troublemaker who stopped attending class after getting into a fight early in the school year. He is not much different from her, though—he too understands little about human nature and does not have any friends. Much to Shizuku's surprise, he proclaims that she will be his friend and immediately confesses his feelings toward her upon meeting her.
 
Because of her lack of friends and social interaction, Shizuku has a hard time understanding her relationship with Haru. But slowly, their friendship begins to progress, and she discovers that there is more to Haru than violence. She begins to  develop feelings for him, but is unsure what kind of emotions she is experiencing. Together, Shizuku and Haru explore the true nature of their relationship and emotions.",TV,13.0,"Oct 2, 2012 to Dec 25, 2012",fall 2012,Finished Airing,"TV Tokyo, Aniplex, Nihon Ad Systems, Kodansha","NIS America, Inc.",Brain's Base,Manga,24 min per ep,PG-13 - Teens 13 or older,1775.0,135,6117,585770.0,1038229,https://cdn.myanimelist.net/images/anime/4/39779.jpg
37520,Dororo,Dororo,どろろ,8.24,"Action, Adventure, Supernatural","The greedy samurai lord Daigo Kagemitsu's land is dying, and he would do anything for power, even renounce Buddha and make a pact with demons. His prayers are answered by 12 demons who grant him the power he desires by aiding his prefecture's growth, but at a price. When Kagemitsu's first son is born, the boy has no limbs, no nose, no eyes, no ears, nor even skin—yet still, he lives.

This child is disposed of in a river and forgotten. But as luck would have it, he is saved by a medicine man who provides him with prosthetics and weapons, allowing for him to survive and fend for himself. The boy lives and grows, and although he cannot see, hear, or feel anything, he must defeat the demons that took him as sacrifice. With the death of each one, he regains a part of himself that is rightfully his. For many years he wanders alone, until one day an orphan boy, Dororo, befriends him. The unlikely pair of castaways now fight for their survival and humanity in an unforgiving, demon-infested world.",TV,24.0,"Jan 7, 2019 to Jun 24, 2019",winter 2019,Finished Airing,Twin Engine,Sentai Filmworks,"Tezuka Productions, MAPPA",Manga,24 min per ep,R - 17+ (violence & profanity),301.0,116,19476,585432.0,1146925,https://cdn.myanimelist.net/images/anime/1879/100467.jpg
33255,Saiki Kusuo no Ψ-nan,The Disastrous Life of Saiki K.,斉木楠雄のΨ難,8.42,"Comedy, Supernatural","To the average person, psychic abilities might seem a blessing; for Kusuo Saiki, however, this could not be further from the truth. Gifted with a wide assortment of supernatural abilities ranging from telepathy to x-ray vision, he finds this so-called blessing to be nothing but a curse. As all the inconveniences his powers cause constantly pile up, all Kusuo aims for is an ordinary, hassle-free life—a life where ignorance is bliss.

Unfortunately, the life of a psychic is far from quiet. Though Kusuo tries to stay out of the spotlight by keeping his powers a secret from his classmates, he ends up inadvertently attracting the attention of many odd characters, such as the empty-headed Riki Nendou and the delusional Shun Kaidou. Forced to deal with the craziness of the people around him, Kusuo comes to learn that the ordinary life he has been striving for is a lot more difficult to achieve than expected.",TV,120.0,"Jul 4, 2016 to Dec 26, 2016",summer 2016,Finished Airing,"TV Tokyo, Shogakukan-Shueisha Productions, Pony Canyon, Nippon Columbia, KlockWorx, Asmik Ace, Bandai Namco Entertainment, Shueisha, Toy's Factory, Dear Stage inc.",Funimation,"J.C.Staff, Egg Firm",Manga,5 min per ep,PG-13 - Teens 13 or older,162.0,136,27640,579226.0,1036005,https://cdn.myanimelist.net/images/anime/11/80167.jpg
15451,High School DxD New,High School DxD New,ハイスクールD×D NEW,7.48,"Action, Comedy, Romance, Ecchi","The misadventures of Issei Hyoudou, high school pervert and aspiring Harem King, continue on in High School DxD New. As the members of the Occult Research Club carry out their regular activities, it becomes increasingly obvious that there is something wrong with their Knight, the usually composed and alert Yuuto Kiba. Soon, Issei learns of Kiba's dark, bloody past and its connection to the mysterious Holy Swords. Once the subject of a cruel experiment, Kiba now seeks revenge on all those who wronged him.

With the return of an old enemy, as well as the appearance of two new, Holy Sword-wielding beauties, it isn't long before Issei and his Devil comrades are plunged into a twisted plot once more.",TV,12.0,"Jul 7, 2013 to Sep 22, 2013",summer 2013,Finished Airing,"Genco, Lantis, Media Factory, Movic, AT-X, Showgate, Q-Tec, Fujimi Shobo",Funimation,TNK,Light novel,26 min per ep,R+ - Mild Nudity,1789.0,175,4479,576965.0,883376,https://cdn.myanimelist.net/images/anime/12/47729.jpg
38101,5-toubun no Hanayome,The Quintessential Quintuplets,五等分の花嫁,7.66,"Comedy, Romance","Fuutarou Uesugi is an ace high school student, but leads an otherwise tough life. His standoffish personality and reclusive nature have left him friendless, and his father is debt-ridden, forcing his family to scrape by.

One day during his lunch break, Uesugi argues with a female transfer student who has claimed ""his seat,"" leading both of them to dislike each other. That same day, he is presented with a golden opportunity to clear his family's debt: a private tutoring gig for a wealthy family's daughter, with a wage of five times the market price. He accepts the proposal, but is horrified to discover that the client, Itsuki Nakano, is the girl he confronted earlier! 

After unsuccessfully trying to get back on Itsuki's good side, Uesugi finds out that his problems don't end there: Itsuki is actually a quintuplet, so in addition to her, he must also tutor her sisters—Miku, Yotsuba, Nino, and Ichika—who, despite the very real threat of flunking, want nothing to do with a tutor. However, his family's livelihood is on the line so Uesugi pushes on, adamant in his resolve to rid the sisters of their detest for studying and successfully lead them to graduation.",TV,12.0,"Jan 11, 2019 to Mar 29, 2019",winter 2019,Finished Airing,"Pony Canyon, Kodansha, ZERO-A, GYAO!",Funimation,Tezuka Productions,Manga,24 min per ep,PG-13 - Teens 13 or older,1238.0,171,13209,576270.0,890586,https://cdn.myanimelist.net/images/anime/1819/97947.jpg
30240,Prison School,Prison School,監獄学園〈プリズンスクール〉,7.61,"Comedy, Romance, Ecchi","Located on the outskirts of Tokyo, Hachimitsu Private Academy is a prestigious all-girls boarding school, famous for its high-quality education and disciplined students. However, this is all about to change due to the revision of the school's most iconic policy, as boys are now able to enroll as well.
 
At the start of the first semester under this new decree, a mere five boys have been accepted, effectively splitting the student body into a ratio of two hundred girls to one boy. Kiyoshi, Gakuto, Shingo, Andre, and Jo are quickly cast away without having a chance to make any kind of a first impression. Unable to communicate with their fellow female students, the eager boys set their sights on a far more dangerous task: peeping into the girls' bath!
 
It's only after their plan is thoroughly decimated by the infamous Underground Student Council that the motley crew find their freedom abruptly taken from them, as they are thrown into the school's prison with the sentence of an entire month as punishment. Thus begins the tale of the boys' harsh lives in Prison School, a righteous struggle that will ultimately test the bonds of friendship and perverted brotherhood.",TV,12.0,"Jul 11, 2015 to Sep 26, 2015",summer 2015,Finished Airing,"Genco, Kodansha, Movic, Warner Bros. Japan, KlockWorx, Showgate",Funimation,J.C.Staff,Manga,24 min per ep,R+ - Mild Nudity,1371.0,150,7172,575151.0,970931,https://cdn.myanimelist.net/images/anime/1286/112161.jpg
35788,Shokugeki no Souma: San no Sara,Food Wars! The Third Plate,食戟のソーマ 餐ノ皿,8.01,"Gourmet, Ecchi","The Moon Festival is Tootsuki Academy's annual gourmet gala, where students compete against each other to earn the most profit through selling their cuisine of choice. But for Souma Yukihira, it is also his first opportunity to challenge the Elite Ten, the supreme council that rules over the academy.  

However, this is only the beginning of Souma's war against the Elite Ten; a nefarious plot is underway that will provide Souma with the challenge he desires but will also shake the very foundations of Tootsuki Academy itself.",TV,12.0,"Oct 4, 2017 to Dec 20, 2017",fall 2017,Finished Airing,"Lantis, Warner Bros. Japan, KlockWorx, Shueisha",Sentai Filmworks,J.C.Staff,Manga,24 min per ep,PG-13 - Teens 13 or older,575.0,157,2631,571796.0,936406,https://cdn.myanimelist.net/images/anime/3/88434.jpg
20785,Mahouka Koukou no Rettousei,The Irregular at Magic High School,魔法科高校の劣等生,7.41,"Action, Fantasy, Romance, Sci-Fi","In the dawn of the 21st century, magic, long thought to be folklore and fairy tales, has become a systematized technology and is taught as a technical skill. In First High School, the institution for magicians, students are segregated into two groups based on their entrance exam scores: ""Blooms,"" those who receive high scores, are assigned to the First Course, while ""Weeds"" are reserve students assigned to the Second Course.

Mahouka Koukou no Rettousei follows the siblings, Tatsuya and Miyuki Shiba, who are enrolled in First High School. Upon taking the exam, the prodigious Miyuki is placed in the First Course, while Tatsuya is relegated to the Second Course. Though his practical test scores and status as a ""Weed"" show him to be magically inept, he possesses extraordinary technical knowledge, physical combat capabilities, and unique magic techniques—making Tatsuya the irregular at a magical high school.",TV,26.0,"Apr 6, 2014 to Sep 28, 2014",spring 2014,Finished Airing,"Aniplex, Square Enix, Movic, ASCII Media Works",Aniplex of America,Madhouse,Light novel,23 min per ep,PG-13 - Teens 13 or older,2045.0,139,10868,566079.0,1021614,https://cdn.myanimelist.net/images/anime/11/61039.jpg
17265,Log Horizon,Log Horizon,ログ・ホライズン,7.93,"Action, Adventure, Fantasy","In the blink of an eye, thirty thousand bewildered Japanese gamers are whisked from their everyday lives into the world of the popular MMORPG, Elder Tale, after the game's latest update—unable to log out. Among them is the socially awkward college student Shiroe, whose confusion and shock lasts only a moment as, a veteran of the game, he immediately sets out to explore the limits of his new reality.

Shiroe must learn to live in this new world, leading others and negotiating with the NPC ""natives"" in order to bring stability to the virtual city of Akihabara. He is joined by his unfortunate friend Naotsugu, having logged in for the first time in years only to find himself trapped, and Akatsuki, a petite but fierce assassin who labels Shiroe as her master. A tale of fantasy, adventure, and politics, Log Horizon explores the elements of gaming through the eyes of a master strategist who attempts to make the best of a puzzling situation.",TV,25.0,"Oct 5, 2013 to Mar 22, 2014",fall 2013,Finished Airing,NHK,"Funimation, Sentai Filmworks",Satelight,Light novel,24 min per ep,PG-13 - Teens 13 or older,676.0,127,10177,562953.0,1081698,https://cdn.myanimelist.net/images/anime/5/84004.jpg
15583,Date A Live,Date A Live,デート・ア・ライブ,7.16,"Romance, Sci-Fi","Thirty years ago, the Eurasian continent was devastated by a supermassive ""spatial quake""—a phenomenon involving space vibrations of unknown origin—resulting in the deaths of over 150 million people. Since then, these quakes have been plaguing the world intermittently, albeit on a lighter scale.

Shidou Itsuka is a seemingly average high school student who lives with his younger sister, Kotori. When an imminent spatial quake threatens the safety of Tengu City, he rushes to save her, only to be caught in the resulting eruption. He discovers a mysterious girl at its source, who is revealed to be a ""Spirit,"" an otherworldly entity whose appearance triggers a spatial quake. Soon after, he becomes embroiled in a skirmish between the girl and the Anti-Spirit Team, a ruthless strike force with the goal of annihilating Spirits.

However, there is a third party that  believes in saving the spirits: ""Ratatoskr,"" which surprisingly is commanded by Shidou's little sister!  Kotori forcibly recruits Shidou after the clash, presenting to him an alternative method of dealing with the danger posed by the Spirits—make them fall in love with him. Now, the fate of the world rests on his dating prowess, as he seeks out Spirits in order to charm them.",TV,12.0,"Apr 6, 2013 to Jun 22, 2013",spring 2013,Finished Airing,"AIC, Kadokawa Shoten, AT-X, Nippon Columbia, Fujimi Shobo",Funimation,AIC PLUS+,Light novel,25 min per ep,R - 17+ (violence & profanity),3228.0,146,9459,562776.0,990978,https://cdn.myanimelist.net/images/anime/13/44844.jpg
48736,Sono Bisque Doll wa Koi wo Suru,My Dress-Up Darling,その着せ替え人形は恋をする,8.24,Romance,"High school student Wakana Gojou spends his days perfecting the art of making hina dolls, hoping to eventually reach his grandfather's level of expertise. While his fellow teenagers busy themselves with pop culture, Gojou finds bliss in sewing clothes for his dolls. Nonetheless, he goes to great lengths to keep his unique hobby a secret, as he believes that he would be ridiculed were it revealed. 

Enter Marin Kitagawa, an extraordinarily pretty girl whose confidence and poise are in stark contrast to Gojou's meekness. It would defy common sense for the friendless Gojou to mix with the likes of Kitagawa, who is always surrounded by her peers. However, the unimaginable happens when Kitagawa discovers Gojou's prowess with a sewing machine and brightly confesses to him about her own hobby: cosplay. Because her sewing skills are pitiable, she decides to enlist his help.

As Gojou and Kitagawa work together on one cosplay outfit after another, they cannot help but grow close—even though their lives are worlds apart.",TV,12.0,"Jan 9, 2022 to Mar 27, 2022",winter 2022,Finished Airing,"Aniplex, Square Enix, Movic, Studio Mausu, Tokyo MX, BS11",UNKNOWN,CloverWorks,Manga,23 min per ep,PG-13 - Teens 13 or older,309.0,156,18867,560704.0,937222,https://cdn.myanimelist.net/images/anime/1179/119897.jpg
38826,Tenki no Ko,Weathering with You,天気の子,8.29,"Award Winning, Drama, Fantasy, Romance","Tokyo is currently experiencing rain showers that seem to disrupt the usual pace of everyone living there to no end. Amidst this seemingly eternal downpour arrives the runaway high school student Hodaka Morishima, who struggles to financially support himself—ending up with a job at a small-time publisher. At the same time, the orphaned Hina Amano also strives to find work to sustain herself and her younger brother.

Both fates intertwine when Hodaka attempts to rescue Hina from shady men, deciding to run away together. Subsequently, Hodaka discovers that Hina has a strange yet astounding power: the ability to call out the sun whenever she prays for it. With Tokyo's unusual weather in mind, Hodaka sees the potential of this ability. He suggests that Hina should become a ""sunshine girl""—someone who will clear the sky for people when they need it the most.

Things begin looking up for them at first. However, it is common knowledge that power always comes with a hefty price...",Movie,1.0,"Jul 19, 2019",UNKNOWN,Finished Airing,"Toho, Lawson HMV Entertainment, JR East Marketing & Communications, Kadokawa, voque ting, STORY, Lawson Entertainment",GKIDS,CoMix Wave Films,Original,1 hr 52 min,PG-13 - Teens 13 or older,258.0,158,11695,558947.0,928427,https://cdn.myanimelist.net/images/anime/1880/101146.jpg
5680,K-On!,K-ON!,けいおん!,7.85,Comedy,"A fresh high school year always means much to come, and one of those things is joining a club. Being in a dilemma about which club to join, Yui Hirasawa stumbles upon and applies for the Light Music Club, which she misinterprets to be about playing simple instruments, such as castanets. Unable to play an instrument, she decides to visit to apologize and quit.

Meanwhile, the Light Music Club faces disbandment due to a lack of members. This causes the club members to offer anything, from food to slacking off during club time, in order to convince Yui to join. Despite their efforts, Yui insists on leaving due to her lack of musical experience. As a last resort, they play a piece for Yui, which sparks her fiery passion and finally convinces her to join the club.

From then onward, it is just plain messing around with bits and pieces of practice. The members of the Light Music Club are ready to make their time together a delightful one!",TV,13.0,"Apr 3, 2009 to Jun 26, 2009",spring 2009,Finished Airing,"Pony Canyon, TBS, Movic, Rakuonsha, Animation Do","Bandai Entertainment, Sentai Filmworks",Kyoto Animation,4-koma manga,24 min per ep,PG-13 - Teens 13 or older,823.0,141,23306,554771.0,1015009,https://cdn.myanimelist.net/images/anime/10/76120.jpg
30015,ReLIFE,ReLIFE,ReLIFE,7.97,"Drama, Romance","Dismissed as a hopeless loser by those around him, 27-year-old Arata Kaizaki bounces around from one job to another after quitting his first company. His unremarkable existence takes a sharp turn when he meets Ryou Yoake, a member of the ReLife Research Institute, who offers Arata the opportunity to change his life for the better with the help of a mysterious pill. Taking it without a second thought, Arata awakens the next day to find that his appearance has reverted to that of a 17-year-old.

Arata soon learns that he is now the subject of a unique experiment and must attend high school as a transfer student for one year. Though he initially believes it will be a cinch due to his superior life experience, Arata is proven horribly wrong on his first day: he flunks all his tests, is completely out of shape, and can't keep up with the new school policies that have cropped up in the last 10 years. Furthermore, Ryou has been assigned to observe him, bringing Arata endless annoyance. ReLIFE follows Arata's struggle to adjust to his hectic new lifestyle and avoid repeating his past mistakes, all while slowly discovering more about his fellow classmates.",TV,13.0,"Jul 2, 2016 to Sep 24, 2016",summer 2016,Finished Airing,"Aniplex, Half H.P Studio, comico, Hakuhodo DY Media Partners, Lawson, C & I entertainment, TMS Music","Funimation, Crunchyroll",TMS Entertainment,Web manga,23 min per ep,PG-13 - Teens 13 or older,626.0,148,9675,553586.0,989642,https://cdn.myanimelist.net/images/anime/3/82149.jpg
1689,Byousoku 5 Centimeter,5 Centimeters per Second,秒速５センチメートル,7.58,"Drama, Romance","What happens when two people love each other but just aren't meant to be together? Takaki Toono and Akari Shinohara are childhood friends, but circumstances beyond their control tear them apart. They promise to stay in contact, and although the progression of time widens the distance between them, the chain of memories remains ever-present.

Byousoku 5 Centimeter is a romantic drama that focuses on the mundane and harsh reality of long-distance relationships. Stuck in the past and unable to make any new memories, Takaki and Akari cling to the hope of seeing each other again. They live their everyday lives half-heartedly, both hurting themselves and the people around them.",Movie,3.0,"Mar 3, 2007",UNKNOWN,Finished Airing,UNKNOWN,"ADV Films, Bandai Entertainment, Discotek Media, GKIDS, Crunchyroll",CoMix Wave Films,Original,22 min per ep,PG-13 - Teens 13 or older,1431.0,163,10748,544078.0,910162,https://cdn.myanimelist.net/images/anime/1410/112994.jpg
28701,Fate/stay night: Unlimited Blade Works 2nd Season,Fate/stay night [Unlimited Blade Works] Season 2,Fate/stay night [Unlimited Blade Works] 2nd シーズン,8.32,"Action, Fantasy, Supernatural","In the midst of the Fifth Holy Grail War, Caster sets her plans into motion, beginning with the capture of Shirou's Servant Saber. With the witch growing ever more powerful, Rin and Archer determine she is a threat that must be dealt with at once. But as the balance of power in the war begins to shift, the Master and Servant find themselves walking separate ways.

Meanwhile, despite losing his Servant and stumbling from injuries, Shirou ignores Rin's warning to abandon the battle royale, forcing his way into the fight against Caster. Determined to show his resolve in his will to fight, Shirou's potential to become a protector of the people is put to the test.

Amidst the bloodshed and chaos, the motivations of each Master and Servant are slowly revealed as they sacrifice everything in order to arise as the victor and claim the Holy Grail.",TV,13.0,"Apr 5, 2015 to Jun 28, 2015",spring 2015,Finished Airing,"Aniplex, Notes",Aniplex of America,ufotable,Visual novel,24 min per ep,R - 17+ (violence & profanity),226.0,196,9054,542405.0,820465,https://cdn.myanimelist.net/images/anime/1881/124810.jpg
41587,Boku no Hero Academia 5th Season,My Hero Academia Season 5,僕のヒーローアカデミア,7.39,Action,"UA Academy's Class 1-A has been the focus of a substantial amount of public attention due to the multiple villain attacks they have faced over the past school year. This attention has left Class 1-A's rivals, Class 1-B, feeling quite bitter. Desiring to prove their skills, they look forward to the opportunity that has been given to them: a set of mock battles between the students of each class.

The classes are split into squads of four, each of which is tasked with capturing the other group members. The winner is the group who first secures all of the opposing team. While this sounds simple, a curveball is thrown into the mix with the inclusion of General Course Student Hitoshi Shinsou, who wishes to transfer into the Hero Course. Despite using his training with Class 1-A's homeroom teacher Shouta ""Eraserhead"" Aizawa to prove that he's capable of being a real hero, he is still far behind the others due to his lack of experience. However, Shinsou is determined to overcome this challenge.

Thus begins the fiery competition between Class 1-A and 1-B as each tries to prove that they are superior to the other.",TV,25.0,"Mar 27, 2021 to Sep 25, 2021",spring 2021,Finished Airing,"Dentsu, Movic, Sony Music Entertainment, TOHO animation, Shueisha",Funimation,Bones,Manga,23 min per ep,PG-13 - Teens 13 or older,2121.0,125,10087,541804.0,1095554,https://cdn.myanimelist.net/images/anime/1911/113611.jpg
38883,Haikyuu!! To the Top,Haikyu!! To the Top,ハイキュー!! TO THE TOP,8.36,Sports,"After their triumphant victory over Shiratorizawa Academy, the Karasuno High School volleyball team has earned their long-awaited ticket to nationals. As preparations begin, genius setter Tobio Kageyama is invited to the All-Japan Youth Training Camp to play alongside fellow nationally recognized players. Meanwhile, Kei Tsukishima is invited to a special rookie training camp for first-years within the Miyagi Prefecture. Not receiving any invitations himself, the enthusiastic Shouyou Hinata feels left behind.

However, Hinata does not back down. Transforming his frustration into self-motivation, he boldly decides to sneak himself into the same rookie training camp as Tsukishima. Even though Hinata only lands himself a job as the ball boy, he comes to see this as a golden opportunity. He begins to not only reflect on his skills as a volleyball player but also analyze the plethora of information available on the court and how he can apply it.

As the much-anticipated national tournament approaches, the members of Karasuno's volleyball team attempt to overcome their weak points and refine their skills, all while aiming for the top!",TV,13.0,"Jan 11, 2020 to Apr 4, 2020",winter 2020,Finished Airing,"Dentsu, Mainichi Broadcasting System, Movic, Sony Music Entertainment, TOHO animation, Shueisha",Sentai Filmworks,Production I.G,Manga,24 min per ep,PG-13 - Teens 13 or older,201.0,180,5045,538442.0,876743,https://cdn.myanimelist.net/images/anime/1813/105367.jpg
40852,Dr. Stone: Stone Wars,UNKNOWN,ドクターストーン STONE WARS,8.17,"Adventure, Comedy, Sci-Fi","Senkuu has made it his goal to bring back two million years of human achievement and revive the entirety of those turned to statues. However, one man stands in his way: Tsukasa Shishiou, who believes that only the fittest of those petrified should be revived.

As the snow melts and spring approaches, Senkuu and his allies in Ishigami Village finish the preparations for their attack on the Tsukasa Empire. With a reinvented cell phone model now at their disposal, the Kingdom of Science is ready to launch its newest scheme to recruit the sizable numbers of Tsukasa's army to their side. However, it is a race against time; for every day the Kingdom of Science spends perfecting their inventions, the empire rapidly grows in number.

Reuniting with old friends and gaining new allies, Senkuu and the Kingdom of Science must stop Tsukasa's forces in order to fulfill their goal of restoring humanity and all its creations. With the two sides each in pursuit of their ideal world, the Stone Wars have now begun!",TV,11.0,"Jan 14, 2021 to Mar 25, 2021",winter 2021,Finished Airing,"TOHO animation, Shueisha, Toho Music, 8PAN",Funimation,TMS Entertainment,Manga,24 min per ep,PG-13 - Teens 13 or older,385.0,152,7112,538382.0,961124,https://cdn.myanimelist.net/images/anime/1711/110614.jpg
22043,Fairy Tail (2014),Fairy Tail Series 2,FAIRY TAIL（フェアリーテイル）,7.65,"Action, Adventure, Fantasy","The Grand Magic Games reaches its climax following Natsu Dragneel and Gajeel Redfox's stunning victory over Sting Eucliffe and Rogue Cheney of the Sabertooth guild. This success pushes the Fairy Tail guild closer to being crowned the overall champions, but obtaining victory isn't the only challenge they face. A mystery still surrounds a hooded stranger and the ominous Eclipse Gate, leaving more questions than answers.

More crazy adventures are on the horizon for Fairy Tail as their destructive antics and joyful rowdiness continue unabated. Their greatest trial is quickly approaching, but united as a family, the guild will always be ready to face any threat that comes their way.",TV,102.0,"Apr 5, 2014 to Mar 26, 2016",spring 2014,Finished Airing,"TV Tokyo, Dentsu",Funimation,"A-1 Pictures, Bridge",Manga,24 min per ep,PG-13 - Teens 13 or older,1253.0,155,11878,537001.0,954070,https://cdn.myanimelist.net/images/anime/3/60551.jpg
36098,Kimi no Suizou wo Tabetai,I Want To Eat Your Pancreas,君の膵臓をたべたい,8.56,"Drama, Romance","The aloof protagonist: a bookworm who is deeply detached from the world he resides in. He has no interest in others and is firmly convinced that nobody has any interest in him either. His story begins when he stumbles across a handwritten book, titled Living with Dying. He soon identifies it as a secret diary belonging to his popular, bubbly classmate Sakura Yamauchi. She then confides in him about the pancreatic disease she is suffering from and that her time left is finite. Only her family knows about her terminal illness; not even her best friends are aware. Despite this revelation, he shows zero sympathy for her plight, but caught in the waves of Sakura's persistent buoyancy, he eventually concedes to accompanying her for her remaining days.

As the pair of polar opposites interact, their connection strengthens, interweaving through their choices made with each passing day. Her apparent nonchalance and unpredictability disrupts the protagonist's impassive flow of life, gradually opening his heart as he discovers and embraces the true meaning of living.",Movie,1.0,"Sep 1, 2018",UNKNOWN,Finished Airing,"Aniplex, ABC Animation",Aniplex of America,Studio VOLN,Novel,1 hr 48 min,PG-13 - Teens 13 or older,97.0,168,19488,535261.0,895776,https://cdn.myanimelist.net/images/anime/1768/93291.jpg
18153,Kyoukai no Kanata,Beyond the Boundary,境界の彼方,7.73,"Action, Fantasy","Mirai Kuriyama is the sole survivor of a clan of Spirit World warriors with the power to employ their blood as weapons. As such, Mirai is tasked with hunting down and killing ""youmu""—creatures said to be the manifestation of negative human emotions. One day, while deep in thought on the school roof, Mirai comes across Akihito Kanbara, a rare half-breed of youmu in human form. In a panicked state, she plunges her blood saber into him only to realize that he's an immortal being. From then on, the two form an impromptu friendship that revolves around Mirai constantly trying to kill Akihito, in an effort to boost her own wavering confidence as a Spirit World warrior. Eventually, Akihito also manages to convince her to join the Literary Club, which houses two other powerful Spirit World warriors, Hiroomi and Mitsuki Nase.

As the group's bond strengthens, however, so does the tenacity of the youmu around them. Their misadventures will soon turn into a fight for survival as the inevitable release of the most powerful youmu, Beyond the Boundary, approaches.",TV,12.0,"Oct 3, 2013 to Dec 19, 2013",fall 2013,Finished Airing,"Lantis, Pony Canyon, TBS",Sentai Filmworks,Kyoto Animation,Light novel,24 min per ep,PG-13 - Teens 13 or older,1074.0,121,11761,535011.0,1127118,https://cdn.myanimelist.net/images/anime/3/85468.jpg
14513,Magi: The Labyrinth of Magic,Magi: The Labyrinth of Magic,マギ The labyrinth of magic,8.02,"Action, Adventure, Fantasy","A Magi is a magician whose inclination toward magic is so immense that they can be said to shape the world. With their significant influence, each Magi chooses a worthy candidate to become a king, then helps them conquer strange labyrinths called ""Dungeons"" and acquire the power of mythical djinns within. Above all else, the Magi supervises their elected representative as they build a country that might one day bring the world to its knees.

Aladdin is a young Magi wandering the world in search of his true self. However, his journey is not a lonely one, as he is accompanied by his friend and mentor Ugo—a djinn he summons using his flute. In his travels, Aladdin also befriends Alibaba Saluja and guides him to a nearby Dungeon. With this newfound friendship, they begin an epic adventure across the world, witnessing various irregularities that seem more frequent than ever.",TV,25.0,"Oct 7, 2012 to Mar 31, 2013",fall 2012,Finished Airing,"Aniplex, Dentsu, Shogakukan-Shueisha Productions, Mainichi Broadcasting System, Movic, GYAO!",Aniplex of America,A-1 Pictures,Manga,24 min per ep,PG-13 - Teens 13 or older,557.0,144,9052,534590.0,1007126,https://cdn.myanimelist.net/images/anime/11/42773.jpg
30296,Rakudai Kishi no Cavalry,Chivalry of a Failed Knight,落第騎士の英雄譚《キャバルリィ》,7.44,"Action, Fantasy, Romance, Ecchi","There exist few humans in this world with the ability to manipulate their souls to form powerful weapons. Dubbed ""Blazers,"" these people study and train at the prestigious Hagun Academy to become Mage-Knights; among the students is so-called failure Ikki Kurogane, the sole F-rated Blazer. However, when the worst student in the academy sees Stella Vermillion, an A-ranked Blazer who also happens to be a princess, naked, she challenges him to a duel with dire stakes—the loser becomes the slave of the winner. There's no possible way that Stella can lose, right?

As he tries to prove his strength to a world that believes him to be the weakest, Ikki gains new friends, wisdom, and experience.",TV,12.0,"Oct 3, 2015 to Dec 19, 2015",fall 2015,Finished Airing,"Frontier Works, Media Factory, AT-X, flying DOG, Hakuhodo DY Music & Pictures, Animatic, SB Creative",Sentai Filmworks,"SILVER LINK., Nexus",Light novel,23 min per ep,R - 17+ (violence & profanity),1923.0,164,8510,534367.0,908646,https://cdn.myanimelist.net/images/anime/9/76493.jpg
37675,Overlord III,Overlord III,オーバーロードⅢ,7.92,"Action, Adventure, Fantasy","Following the horrific assault on the Re-Estize capital city, the Guardians of the Great Tomb of Nazarick return home to their master Ainz Ooal Gown. After months of laying the groundwork, they are finally ready to set their plans of world domination into action.

As Ainz's war machine gathers strength, the rest of the world keeps moving. The remote Carne Village, which Ainz once saved from certain doom, continues to prosper despite the many threats on its doorstep. And in the northeastern Baharuth Empire, a certain Bloody Emperor sets his sights on the rising power of Nazarick.

Blood is shed, heroes fall, and nations rise. Can anyone, or anything, challenge the supreme power of Ainz Ooal Gown?",TV,13.0,"Jul 10, 2018 to Oct 2, 2018",summer 2018,Finished Airing,"AT-X, Hakuhodo DY Music & Pictures, NTT Plala, Kadokawa",Funimation,Madhouse,Light novel,23 min per ep,R - 17+ (violence & profanity),696.0,185,5260,530738.0,854053,https://cdn.myanimelist.net/images/anime/1511/93473.jpg
16592,Danganronpa: Kibou no Gakuen to Zetsubou no Koukousei The Animation,Danganronpa: The Animation,ダンガンロンパ 希望の学園と絶望の高校生 THE ANIMATION,7.21,"Horror, Mystery","Makoto Naegi, a teenager with no remarkable talent, is surprised to learn that he has been accepted into Hope's Peak Private Academy: an elite school that gathers the best students from various fields. Despite believing his admission was just a fluke, Naegi is delighted to attend an institution known for ensuring success to those who graduate. Determined, he enters the front doors of the prestigious academy.

However, after losing consciousness inside, Naegi wakes up in a seemingly abandoned classroom. Failing to comprehend how he got there, Naegi begins to explore, and to his surprise, finds his classmates assembled in the gym. While everyone is trying to figure out what happened, they are confronted by the school principal—Monokuma, a robotic teddy bear. The mysterious toy explains that the freshmen are trapped inside the school with only one means of escape—kill a classmate without being discovered.

Tension fills the air as Naegi and his classmates realize that they are faced with two choices: participate in Monokuma's killing game, or reside together in the school for the rest of their lives.",TV,13.0,"Jul 5, 2013 to Sep 27, 2013",summer 2013,Finished Airing,"Geneon Universal Entertainment, Studio Hibari, Mainichi Broadcasting System, Showgate",Funimation,Lerche,Visual novel,24 min per ep,R - 17+ (violence & profanity),2984.0,165,8168,525999.0,907772,https://cdn.myanimelist.net/images/anime/4/51463.jpg
17895,Golden Time,Golden Time,ゴールデンタイム,7.74,"Comedy, Romance","Due to a tragic accident, Banri Tada is struck with amnesia, dissolving the memories of his hometown and past. However, after befriending Mitsuo Yanagisawa, he decides to move on and begin a new life at law school in Tokyo. But just as he is beginning to adjust to his college life, the beautiful Kouko Kaga dramatically barges into Banri's life, and their chance meeting marks the beginning of an unforgettable year. 

After having a glimpse of college life, Banri learns that he is in a new place and a new world—a place where he can be reborn, have new friends, fall in love, make mistakes, and grow. And as he begins to discover who he was, the path he has chosen leads him towards a blindingly bright life that he will never want to forget.",TV,24.0,"Oct 4, 2013 to Mar 28, 2014",fall 2013,Finished Airing,"Genco, Starchild Records",Sentai Filmworks,J.C.Staff,Light novel,24 min per ep,PG-13 - Teens 13 or older,1041.0,147,12704,523969.0,990104,https://cdn.myanimelist.net/images/anime/12/52091.jpg
16894,Kuroko no Basket 2nd Season,Kuroko's Basketball 2,黒子のバスケ,8.22,Sports,"With the Interhigh Championship finally over, Seirin's basketball team refocuses their efforts, training harder than ever to get the chance to participate in the Winter Cup. Both Tetsuya Kuroko and Taiga Kagami see old friends walk back into their lives, providing a challenge both on and off the court.

As new skills are developed and new alliances created, enemies from various teams—giants of high school basketball such as Yousen, Shuutoku, and Touou—stand in the way of Seirin's steadfast attempts to get to the top. All of these schools prove to be formidable foes whose abilities progress exponentially, while Kuroko struggles to find a balance between his resolve to play as part of a team and his desire to win. 

With old wounds reopening, new challenges to face on the court, and a new set of foes—the ""Uncrowned Kings""—vowing to defeat the new hopefuls, will Seirin ever be able to achieve their dream of beating the Generation of Miracles?",TV,25.0,"Oct 6, 2013 to Mar 30, 2014",fall 2013,Finished Airing,"Bandai Visual, Lantis, Nihon Ad Systems, Banpresto, Shueisha, BS11",UNKNOWN,Production I.G,Manga,24 min per ep,PG-13 - Teens 13 or older,321.0,197,4324,522614.0,820436,https://cdn.myanimelist.net/images/anime/9/56155.jpg
32995,Yuri!!! on Ice,Yuri!!! On ICE,ユーリ!!! on ICE,7.9,"Award Winning, Sports","Reeling from his crushing defeat at the Grand Prix Finale, Yuuri Katsuki, once Japan's most promising figure skater, returns to his family home to assess his options for the future. At age 23, Yuuri's window for success in skating is closing rapidly, and his love of pork cutlets and aptitude for gaining weight are not helping either.

However, Yuuri finds himself in the spotlight when a video of him performing a routine previously executed by five-time world champion, Victor Nikiforov, suddenly goes viral. In fact, Victor himself abruptly appears at Yuuri's house and offers to be his mentor. As one of his biggest fans, Yuuri eagerly accepts, kicking off his journey to make it back onto the world stage. But the competition is fierce, as the rising star from Russia, Yuri Plisetsky, is relentlessly determined to defeat Yuuri and win back Victor's tutelage.",TV,12.0,"Oct 6, 2016 to Dec 22, 2016",fall 2016,Finished Airing,"Dentsu, TV Asahi, Movic, Avex Pictures, CIC, Cygames","Funimation, Crunchyroll",MAPPA,Original,23 min per ep,PG-13 - Teens 13 or older,728.0,187,20180,511564.0,850054,https://cdn.myanimelist.net/images/anime/6/81149.jpg
30694,Dragon Ball Super,Dragon Ball Super,ドラゴンボール超（スーパー）,7.43,"Action, Adventure, Comedy, Fantasy","Seven years after the events of Dragon Ball Z, Earth is at peace, and its people live free from any dangers lurking in the universe. However, this peace is short-lived; a sleeping evil awakens in the dark reaches of the galaxy: Beerus, the ruthless God of Destruction.

Disturbed by a prophecy that he will be defeated by a ""Super Saiyan God,"" Beerus and his angelic attendant Whis start searching the universe for this mysterious being. Before long, they reach Earth where they encounter Gokuu Son, one of the planet's mightiest warriors, and his similarly powerful friends.",TV,131.0,"Jul 5, 2015 to Mar 25, 2018",summer 2015,Finished Airing,"Yomiko Advertising, Fuji TV",Funimation,Toei Animation,Manga,23 min per ep,PG-13 - Teens 13 or older,1953.0,218,9968,507547.0,787310,https://cdn.myanimelist.net/images/anime/7/74606.jpg
40221,Kami no Tou,Tower of God,神之塔 -Tower of God-,7.55,"Action, Adventure, Drama, Fantasy, Mystery","There is a tower that summons chosen people called ""Regulars"" with the promise of granting their deepest desires. Whether it be wealth, fame, authority, or something that surpasses them all—everything awaits those who reach the top.

Twenty-Fifth Bam is a boy who had only known a dark cave, a dirty cloth, and an unreachable light his entire life. So when a girl named Rachel came to him through the light, his entire world changed. Becoming close friends with Rachel, he learned various things about the outside world from her. But when Rachel says she must leave him to climb the Tower, his world shatters around him. Vowing to follow after her no matter what it takes, he sets his sight on the tower, and a miracle occurs.

Thus begins the journey of Bam, a young boy who was not chosen by the Tower but opened its gates by himself. They call his kind ""Irregulars""—beings that have shaken the very foundation of the Tower each time they set foot inside it.",TV,13.0,"Apr 2, 2020 to Jun 25, 2020",spring 2020,Finished Airing,"Sega, Crunchyroll, Rialto Entertainment, Sola Entertainment, Naver Webtoons, IRMA LA DOUCE",VIZ Media,Telecom Animation Film,Web manga,23 min per ep,PG-13 - Teens 13 or older,1554.0,182,6179,506378.0,869575,https://cdn.myanimelist.net/images/anime/1702/106229.jpg
39195,Beastars,UNKNOWN,BEASTARS,7.84,"Drama, Slice of Life","In a civilized society of anthropomorphic animals, an uneasy tension exists between carnivores and herbivores. At Cherryton Academy, this mutual distrust peaks after a predation incident results in the death of Tem, an alpaca in the school's drama club. Tem's friend Legoshi, a grey wolf in the stage crew, has been an object of fear and suspicion for his whole life. In the immediate aftermath of the tragedy, he continues to lay low and hide his menacing traits, much to the disapproval of Louis, a red deer and the domineering star actor of the drama club.

When Louis sneaks into the auditorium to train Tem's replacement for an upcoming play, he assigns Legoshi to lookout duty. That very night, Legoshi has a fateful encounter with Haru, a white dwarf rabbit scorned by her peers. His growing feelings for Haru, complicated by his predatory instincts, force him to confront his own true nature, the circumstances surrounding the death of his friend, and the undercurrent of violence plaguing the world around him.",TV,12.0,"Oct 10, 2019 to Dec 26, 2019",fall 2019,Finished Airing,"Movic, Fuji TV, Bandai, Toho, BS Fuji, TOHO animation, Q-Tec, Akita Shoten, Hakuhodo DY Media Partners, Bandai Spirits, Toho Music",UNKNOWN,Orange,Manga,22 min per ep,R - 17+ (violence & profanity),842.0,206,9429,504781.0,810090,https://cdn.myanimelist.net/images/anime/1234/102008.jpg
356,Fate/stay night,Fate/stay night,Fate/stay night,7.28,"Action, Fantasy, Romance, Supernatural","After a mysterious inferno kills his family, Shirou is saved and adopted by Kiritsugu Emiya, who teaches him the ways of magic and justice.

One night, years after Kiritsugu's death, Shirou is cleaning at school, when he finds himself caught in the middle of a deadly encounter between two superhumans known as Servants. During his attempt to escape, the boy is caught by one of the Servants and receives a life-threatening injury. Miraculously, he survives, but the same Servant returns to finish what he started. In desperation, Shirou summons a Servant of his own, a knight named Saber. The two must now participate in the Fifth Holy Grail War, a battle royale of seven Servants and the mages who summoned them, with the grand prize being none other than the omnipotent Holy Grail itself.

Fate/stay night follows Shirou as he struggles to find the fine line between a hero and a killer, his ideals clashing with the harsh reality around him. Will the boy become a hero like his foster father, or die trying?",TV,24.0,"Jan 7, 2006 to Jun 17, 2006",winter 2006,Finished Airing,"Geneon Universal Entertainment, Frontier Works, TBS, KlockWorx, Notes","Sentai Filmworks, Geneon Entertainment USA",Studio Deen,Visual novel,24 min per ep,R - 17+ (violence & profanity),2612.0,162,7160,501403.0,914432,https://cdn.myanimelist.net/images/anime/4/30327.jpg
39551,Tensei shitara Slime Datta Ken 2nd Season,That Time I Got Reincarnated as a Slime Season 2,転生したらスライムだった件,8.39,"Action, Adventure, Comedy, Fantasy","Taking a break from his time as a teacher, the powerful slime Rimuru Tempest returns to his kingdom, eponymously named Tempest, just in time to begin negotiations with a nearby nation—the Kingdom of Eurazania. While the negotiations are anything but peaceful, they do end successfully, allowing Rimuru to return and finish teaching. When trying to again return to Tempest, this time permanently, Rimuru is stopped by a mysterious figure who is somehow able to constrain the many magical abilities he has at his disposal. 

In Tempest, the situation is even worse. A group of unknown humans has invaded the land and are assaulting its citizens, both influential and innocent. They are not just trying to bring harm either—they have the intent to kill. Can Rimuru overcome his powerful and dangerous foe and return to Tempest before it is too late?",TV,12.0,"Jan 12, 2021 to Mar 30, 2021",winter 2021,Finished Airing,Kodansha,Funimation,8bit,Manga,23 min per ep,PG-13 - Teens 13 or older,183.0,181,10380,499482.0,874549,https://cdn.myanimelist.net/images/anime/1271/109841.jpg
16782,Kotonoha no Niwa,The Garden of Words,言の葉の庭,7.89,"Award Winning, Drama, Romance","On a rainy morning in Tokyo, Takao Akizuki, an aspiring shoemaker, decides to skip class to sketch designs in a beautiful garden. This is where he meets Yukari Yukino, a beautiful yet mysterious woman, for the very first time. Offering to make her new shoes, Takao continues to meet with Yukari throughout the rainy season, and without even realizing it, the two are able to alleviate the worries hidden in their hearts just by being with each other. However, their personal struggles have not disappeared completely, and as the end of the rainy season approaches, their relationship will be put to the test.",Movie,1.0,"May 31, 2013",UNKNOWN,Finished Airing,"The Answer Studio, TOHO animation",Sentai Filmworks,CoMix Wave Films,Original,46 min,PG-13 - Teens 13 or older,752.0,194,6827,498648.0,826383,https://cdn.myanimelist.net/images/anime/1597/112995.jpg
37799,Tokyo Ghoul:re 2nd Season,Tokyo Ghoul:re 2nd Season,東京喰種トーキョーグール：re 第2期,6.43,"Action, Fantasy, Horror","After the conclusion of the Tsukiyama Family Extermination Operation, the members of the Commission of Counter Ghouls (CCG) have grown exponentially in power and continue to pursue their goal of exterminating every ghoul in Japan. Having resigned from Quinx Squad, the now seemingly emotionless Haise Sasaki begins taking on more and more tasks from the CCG with no regard to the difficulty. Despite his vacant expressions, Ken Kaneki's memories are resurfacing in Haise, leaving him in a state of internal conflict. Meanwhile, his new coldhearted behavior is affecting the people around him. Quinx Squad are left in shambles, having to cope with the death of one of their members without the support of their former mentor.

Amidst this turmoil, both Quinx Squad and Haise must continue to fulfill their duties to the CCG, whether willingly or not. However, the presence of a mysterious group behind the CCG has been made known to Haise, and certain whispers of corruption have not gone unheard by the Quinx Squad as well.",TV,12.0,"Oct 9, 2018 to Dec 25, 2018",fall 2018,Finished Airing,"Marvelous, Pierrot Plus, TC Entertainment, Shueisha",Funimation,Pierrot,Manga,24 min per ep,R - 17+ (violence & profanity),6720.0,192,2698,494458.0,829173,https://cdn.myanimelist.net/images/anime/1545/121995.jpg
35968,Wotaku ni Koi wa Muzukashii,Wotakoi: Love is Hard for Otaku,ヲタクに恋は難しい,7.94,Romance,"Having slept through all four of her alarms, the energetic Narumi Momose finds herself running late for her first day of work at a new office. As she races to catch her train, she makes a promise to herself that none of her coworkers will find out about her dark secret: that she is an otaku and a fujoshi. Her plan goes instantly awry, though, when she runs into Hirotaka Nifuji, an old friend from middle school. Although she tries to keep her secret by inviting him out for drinks after work, her cover is blown when he casually asks her whether or not she will be attending the upcoming Summer Comiket. Luckily for her, the only witnesses—Hanako Koyanagi and Tarou Kabakura—are otaku as well.
            
Later that night, the pair go out for drinks so that they can catch up after all the years apart. After Narumi complains about her previous boyfriend breaking up with her because he refused to date a fujoshi, Hirotaka suggests that she try dating a fellow otaku, specifically himself. He makes a solemn promise to always be there for her, to support her, and to help her farm for rare drops in Monster Hunter. Blown away by the proposal, Narumi agrees immediately. Thus the two otaku start dating, and their adorably awkward romance begins.",TV,11.0,"Apr 13, 2018 to Jun 22, 2018",spring 2018,Finished Airing,"Aniplex, Dentsu, Fuji TV, Half H.P Studio, Ichijinsha, Kanetsu Investment, Christmas Holly",UNKNOWN,A-1 Pictures,Web manga,22 min per ep,PG-13 - Teens 13 or older,654.0,159,11110,494378.0,926723,https://cdn.myanimelist.net/images/anime/1864/93518.jpg
24703,High School DxD BorN,High School DxD BorN,ハイスクールD×D BorN,7.42,"Action, Comedy, Romance, Ecchi","The Red Dragon Emperor, Issei Hyoudou, and the Occult Research Club are back in action as summer break comes for the students of Kuoh Academy. After their fight with Issei’s sworn enemy, Vali and the Chaos Brigade, it is clear just how inexperienced Rias Gremory's team is. As a result, she and Azazel lead the club on an intense training regime in the Underworld to prepare them for the challenges that lie ahead.

While they slowly mature as a team, Issei will once again find himself in intimate situations with the girls of the Occult Research Club. Meanwhile, their adversaries grow stronger and more numerous as they rally their forces. And with the sudden appearance of Loki, the Evil God of Norse Mythology, the stage is set for epic fights and wickedly powerful devils in High School DxD BorN!",TV,12.0,"Apr 4, 2015 to Jun 20, 2015",spring 2015,Finished Airing,"Genco, Lantis, Movic, AT-X, Memory-Tech, Showgate, Fujimi Shobo, Kadokawa",Funimation,TNK,Light novel,24 min per ep,R+ - Mild Nudity,2016.0,228,3868,492795.0,772849,https://cdn.myanimelist.net/images/anime/12/73642.jpg
23289,Gekkan Shoujo Nozaki-kun,Monthly Girls' Nozaki-kun,月刊少女野崎くん,7.83,"Comedy, Romance","Chiyo Sakura is a cheerful high school girl who has fallen head over heels for the oblivious Umetarou Nozaki. Much to Chiyo's confusion, when she confesses to her beloved Nozaki, he hands her an unfamiliar autograph. As it turns out, the stoic teenage boy is actually a respected shoujo mangaka, publishing under the pen name Sakiko Yumeno! A series of misunderstandings leads to Chiyo becoming one of Nozaki's manga assistants.

Throughout the hilarious events that ensue, she befriends many of her quirky schoolmates, including her seemingly shameless fellow assistant, Mikoto Mikoshiba, and the ""Prince of the School,"" Yuu Kashima. Gekkan Shoujo Nozaki-kun follows Chiyo as she strives to help Nozaki with his manga and hopes that he will eventually notice her feelings.",TV,12.0,"Jul 7, 2014 to Sep 22, 2014",summer 2014,Finished Airing,"TV Tokyo, Frontier Works, Media Factory, AT-X, Sony Music Communications",Sentai Filmworks,Doga Kobo,4-koma manga,24 min per ep,PG-13 - Teens 13 or older,858.0,167,10778,490907.0,896030,https://cdn.myanimelist.net/images/anime/5/66083.jpg
41353,The God of High School,The God of High School,THE GOD OF HIGH SCHOOL ゴッド・オブ・ハイスクール,7.07,"Action, Fantasy","The ""God of High School"" tournament has begun, seeking out the greatest fighter among Korean high school students! All martial arts styles, weapons, means, and methods of attaining victory are permitted. The prize? One wish for anything desired by the winner.

Taekwondo expert Jin Mo-Ri is invited to participate in the competition. There he befriends karate specialist Han Dae-Wi and swordswoman Yu Mi-Ra, who both have entered for their own personal reasons. Mo-Ri knows that no opponent will be the same and that the matches will be the most ruthless he has ever fought in his life. But instead of being worried, this prospect excites him beyond belief.

A secret lies beneath the facade of a transparent test of combat prowess the tournament claims to be—one that has Korean political candidate Park Mu-Jin watching every fight with expectant, hungry eyes. Mo-Ri, Dae-Wi, and Mi-Ra are about to discover what it really means to become the God of High School.",TV,13.0,"Jul 6, 2020 to Sep 28, 2020",summer 2020,Finished Airing,"Crunchyroll, Sola Entertainment, Naver Webtoons",VIZ Media,MAPPA,Web manga,23 min per ep,PG-13 - Teens 13 or older,3645.0,184,4045,488097.0,859341,https://cdn.myanimelist.net/images/anime/1722/107269.jpg
47,Akira,Akira,AKIRA（アキラ）,8.16,"Action, Adventure, Horror, Sci-Fi, Supernatural","Japan, 1988. An explosion caused by a young boy with psychic powers tears through the city of Tokyo and ignites the fuse that leads to World War III. In order to prevent any further destruction, he is captured and taken into custody, never to be heard from again. Now, in the year 2019, a restored version of the city known as Neo-Tokyo—an area rife with gang violence and terrorism against the current government—stands in its place. Here, Shoutarou Kaneda leads ""the Capsules,"" a group of misfits known for riding large, custom motorcycles and being in constant conflict with their rivals ""the Clowns.""

During one of these battles, Shoutarou's best friend Tetsuo Shima is caught up in an accident with an esper who finds himself in the streets of Tokyo after escaping confinement from a government institution. Through this encounter, Tetsuo begins to develop his own mysterious abilities, as the government seeks to quarantine this latest psychic in a desperate attempt to prevent him from unleashing the destructive power that could once again bring the city to its knees.",Movie,1.0,"Jul 16, 1988",UNKNOWN,Finished Airing,"Mainichi Broadcasting System, Kodansha, Toho, Streamline Pictures","Funimation, Bandai Entertainment, Geneon Entertainment USA",Tokyo Movie Shinsha,Manga,2 hr 4 min,R+ - Mild Nudity,389.0,208,12961,485580.0,804581,https://cdn.myanimelist.net/images/anime/1408/114012.jpg
33487,Masamune-kun no Revenge,Masamune-kun's Revenge,政宗くんのリベンジ,6.74,"Comedy, Romance","When Masamune Makabe was a child, he was rejected by a rich, beautiful girl named Aki Adagaki, who gave him the nickname ''Piggy'' for being overweight. Devastated, Masamune put great effort into working out to improve his appearance. Now a handsome yet narcissistic high school student, Masamune is determined to exact revenge—he will have Aki fall madly in love with him and ultimately reject her the next time they meet.

To his surprise, Masamune discovers he has transferred into Aki's school. Setting his plan into motion, Masamune first begins to form a relationship with the ''Brutal Princess'' but, despite his efforts, fails miserably at his initial attempts. Shockingly, when Masamune finally progresses towards his vengeance, he receives a mysterious letter addressing him by his old nickname. Unless Masamune discovers the sender's identity, his plan is doomed before it even starts!",TV,12.0,"Jan 5, 2017 to Mar 23, 2017",winter 2017,Finished Airing,"Sotsu, Lantis, AT-X, KlockWorx, BS Fuji, Tokyo MX, Ichijinsha, FuRyu, Crunchyroll SC Anime Fund",Funimation,SILVER LINK.,Manga,24 min per ep,PG-13 - Teens 13 or older,5139.0,195,3130,480133.0,821569,https://cdn.myanimelist.net/images/anime/12/83709.jpg
14345,Btooom!,BTOOOM!,BTOOOM!,7.29,"Action, Sci-Fi","Ryouta Sakamoto is unemployed and lives with his mother, his only real achievement being that he is Japan's top player of the popular online video game Btooom! However, his peaceful life is about to change when he finds himself stranded on an island in the middle of nowhere, with a small green crystal embedded in his left hand and no memory of how he got there. To his shock, someone has decided to recreate the game he is so fond of in real life, with the stakes being life or death.

Armed with a bag full of unique bombs known as ""BIM,"" the players are tasked with killing seven of their fellow participants and taking their green crystals in order to return home. Initially condemning any form of violence, Ryouta is forced to fight when he realizes that many of the other players are not as welcoming as they may seem. Teaming up with Himiko, a fellow Btooom! player, they attempt to get off of the island together, coming closer and closer to the truth behind this contest of death.",TV,12.0,"Oct 4, 2012 to Dec 20, 2012",fall 2012,Finished Airing,"Sotsu, KlockWorx, flying DOG, Showgate",Sentai Filmworks,Madhouse,Manga,24 min per ep,R - 17+ (violence & profanity),2548.0,189,3355,479396.0,833107,https://cdn.myanimelist.net/images/anime/4/40977.jpg
45576,Mushoku Tensei: Isekai Ittara Honki Dasu Part 2,Mushoku Tensei: Jobless Reincarnation Part 2,無職転生 ～異世界行ったら本気だす～ 第2クール,8.7,"Drama, Fantasy, Ecchi","After the mysterious mana calamity, Rudeus Greyrat and his fierce student Eris Boreas Greyrat are teleported to the Demon Continent. There, they team up with their newfound companion Ruijerd Supardia—the former leader of the Superd's Warrior group—to form ""Dead End,"" a successful adventurer party. Making a name for themselves, the trio journeys across the continent to make their way back home to Fittoa.

Following the advice he received from the faceless god Hitogami, Rudeus saves Kishirika Kishirisu, the Great Emperor of the Demon World, who rewards him by granting him a strange power. Now, as Rudeus masters the powerful ability that offers a number of new opportunities, it might prove to be more than what he bargained for when unexpected dangers threaten to hinder their travels.",TV,12.0,"Oct 4, 2021 to Dec 20, 2021",fall 2021,Finished Airing,"Frontier Works, TOHO animation, Tokyo MX, Hakuhodo DY Music & Pictures, BS11, Egg Firm, Kadokawa, GREE Entertainment",Funimation,Studio Bind,Light novel,23 min per ep,R - 17+ (violence & profanity),53.0,221,17106,477819.0,785209,https://cdn.myanimelist.net/images/anime/1028/117777.jpg
20787,Black Bullet,Black Bullet,ブラック・ブレット　BLACK BULLET　［黒の銃弾］,7.09,"Action, Mystery, Sci-Fi","In the year 2021, a parasitic virus known as ""Gastrea"" infects humans and turns them into monsters. What is left of mankind now lives within the Monolith walls, walls that are made of Varanium, the only material that can hurt Gastrea.

To counter the threat that the Gastrea pose, ""Cursed Children""—female children whose bodies contain trace amounts of the virus which grant them superhuman abilities—officially called Initiators by the Tendo Civil Security, are given partners called Promoters, people who work to guide and protect the young Initiators. These teams of two are sent out on missions to fight the monsters created by the Gastrea virus and keep them at bay. 

Black Bullet revolves around the team of Enju Aihara, an Initiator, and Satomi Rentaro, a Promoter, as they go on missions to fight the growing threat of Gastrea in their hometown of Tokyo.",TV,13.0,"Apr 8, 2014 to Jul 1, 2014",spring 2014,Finished Airing,"Geneon Universal Entertainment, AT-X, Showgate, NBCUniversal Entertainment Japan",Sentai Filmworks,"Kinema Citrus, Orange",Light novel,24 min per ep,R - 17+ (violence & profanity),3599.0,169,3713,477177.0,895523,https://cdn.myanimelist.net/images/anime/1292/94693.jpg
21995,Ao Haru Ride,Blue Spring Ride,アオハライド,7.64,Romance,"While most young girls make an effort to show off their feminine charms, Futaba Yoshioka deliberately behaves like she wants to repel anyone who might be attracted to her. Ostracized by her female classmates in middle school for being a little too popular with the boys, she desperately strives to avoid a similar situation in high school by being unnecessarily noisy and graceless.

Nevertheless, scattered among Futaba's unpleasant memories are the treasured moments with the boy she had a crush on, Kou Tanaka. Unfortunately, that spell abruptly ended on a sour note when he suddenly stopped attending school and never came back. When Futaba finds out that Kou has returned—with a different last name this time—she can already feel the butterflies in her stomach. However, Kou Mabuchi is not the warm boy that she remembers from her days in middle school; he is now taller, more charismatic and withdrawn—making him far less approachable.

Futaba believes that if she returns to her former self, Kou will begin to take notice of her again. But is she prepared to sacrifice her bubble of normalcy and risk losing her friends in the process?",TV,12.0,"Jul 8, 2014 to Sep 23, 2014",summer 2014,Finished Airing,"Mainichi Broadcasting System, Movic, Sony Music Entertainment, TOHO animation, Shueisha, BS11, Animatic, Hakuhodo DY Media Partners, Sony PCL",Sentai Filmworks,Production I.G,Manga,23 min per ep,PG-13 - Teens 13 or older,1268.0,174,10090,476310.0,886912,https://cdn.myanimelist.net/images/anime/8/64813.jpg
42203,Re:Zero kara Hajimeru Isekai Seikatsu 2nd Season Part 2,Re:ZERO -Starting Life in Another World- Season 2 Part 2,Re：ゼロから始める異世界生活,8.44,"Drama, Fantasy, Suspense","After a stern yet compelling speech by Otto Suwen, Subaru Natsuki solemnly swears that he will successfully make it through this timeline and save everyone he can along the way. The first step toward achieving this goal is to help Emilia work through her past; however, that is easier said than done. Feeling as if she has been lied to by everyone around her, it will be difficult for Emilia to trust anyone, even Subaru, her self-proclaimed knight.

Re:Zero kara Hajimeru Isekai Seikatsu 2nd Season Part 2 presents the culmination of Subaru's experiences with the Sanctuary and its people, along with his unwillingness to give up hope on saving them.",TV,12.0,"Jan 6, 2021 to Mar 24, 2021",winter 2021,Finished Airing,"AT-X, Memory-Tech, Hakuhodo DY Music & Pictures, Kadokawa Media House, Kadokawa",UNKNOWN,White Fox,Light novel,29 min per ep,R - 17+ (violence & profanity),150.0,199,11939,473693.0,818208,https://cdn.myanimelist.net/images/anime/1724/117421.jpg
32615,Youjo Senki,Saga of Tanya the Evil,幼女戦記,7.96,"Action, Fantasy","Tanya Degurechaff is a young soldier infamous for predatorial-like ruthlessness and an uncanny, tactical aptitude, earning her the nickname of the ""Devil of the Rhine."" Underneath her innocuous appearance, however, lies the soul of a man who challenged Being X, the self-proclaimed God, to a battle of wits—which resulted in him being reincarnated as a little girl into a world of magical warfare. Hellbent on defiance, Tanya resolves to ascend the ranks of her country's military as it slowly plunges into world war, with only Being X proving to be the strongest obstacle in recreating the peaceful life she once knew. But her perceptive actions and combat initiative have an unintended side effect: propelling the mighty Empire into becoming one of the most powerful nations in mankind's history.",TV,12.0,"Jan 6, 2017 to Mar 31, 2017",winter 2017,Finished Airing,"AT-X, Enterbrain, Sony Music Communications","Funimation, Crunchyroll",Nut,Light novel,23 min per ep,R - 17+ (violence & profanity),637.0,183,11723,473681.0,867830,https://cdn.myanimelist.net/images/anime/5/82890.jpg
889,Black Lagoon,Black Lagoon,BLACK LAGOON,8.03,Action,"Salaryman Rokurou Okajima spends his days trying to climb his company's corporate ladder, until one day when a business negotiation in Thailand goes awry. During the botched deal, he falls hostage to the Lagoon Company—a band of ruthless pirate mercenaries. Left to the whims of his captors after his managers refuse to pay his ransom, Rokurou does the unthinkable: instead of begging for his life, he joins the very crew who kidnapped him.

Now a member of the group, Rokurou must adjust to his new residence in the dissolute hellscape known as Roanapur, a city where corruption and crime run rampant, and even the smallest slipup could cost him his life. If not for one of the many crime syndicates on the island, Rokurou also constantly finds himself at odds with his brash, gunslinging colleague, Revy. 

As Rokurou struggles to abandon his past—and with more than just the profits from the Lagoon Company's illegal trading on the line—he must quickly find the resolve to make tough decisions in high-stress situations while keeping his humanity intact.",TV,12.0,"Apr 9, 2006 to Jun 25, 2006",spring 2006,Finished Airing,"Geneon Universal Entertainment, Shogakukan","Funimation, Geneon Entertainment USA",Madhouse,Manga,23 min per ep,R - 17+ (violence & profanity),544.0,153,17759,471583.0,959701,https://cdn.myanimelist.net/images/anime/1906/121592.jpg
849,Suzumiya Haruhi no Yuuutsu,The Melancholy of Haruhi Suzumiya,涼宮ハルヒの憂鬱,7.83,"Award Winning, Comedy, Mystery, Sci-Fi","If a survey were conducted to see if people believed in aliens, time travelers, or maybe espers, most would say they do not; average high school student Kyon considers himself among the non-believers. However, on his first day of school, he meets a girl who soon turns his world upside down.

During class introductions, the beautiful Haruhi Suzumiya boldly announces her boredom with ""normal"" people and her intention of meeting supernatural beings. Dumbfounded, Kyon learns of her frustration with the lack of paranormal-focused clubs at their school and unwittingly inspires her to start her own club. She creates the Spreading Fun all Over the World with Haruhi Suzumiya Brigade, otherwise known as the SOS Brigade.

Following the SOS Brigade's founding, Haruhi manages to recruit Kyon and three other members: quiet bookworm Yuki Nagato, shy upperclassman Mikuru Asahina, and perpetually positive Itsuki Koizumi. Despite their normal appearance, the new members of the SOS Brigade each carry their own secrets related to Haruhi. Caught up in the mystery surrounding the eccentric club leader, Kyon is whisked away on a series of misadventures by Haruhi and the SOS Brigade, each one bringing him closer to the truth about who and what she is.",TV,14.0,"Apr 3, 2006 to Jul 3, 2006",spring 2006,Finished Airing,"Lantis, Kadokawa Shoten, Kadokawa Pictures Japan, KlockWorx","Funimation, Bandai Entertainment, Kadokawa Pictures USA",Kyoto Animation,Light novel,23 min per ep,PG-13 - Teens 13 or older,868.0,172,14920,466195.0,890106,https://cdn.myanimelist.net/images/anime/5/75901.jpg
777,Hellsing Ultimate,Hellsing Ultimate,HELLSING OVA,8.35,"Action, Horror, Supernatural","There exist creatures of darkness and evil that plague the night, devouring any human unfortunate enough to be caught in their grasp. On the other side is Hellsing, an organization dedicated to destroying these supernatural forces that threaten the very existence of humanity. At its head is Integra Fairbrook Wingates Hellsing, who commands a powerful military and spends her life fighting the undead.

Integra's vast army, however, pales in comparison with her ultimate weapon: the vampire Alucard, who works against his own kind as an exterminator for Hellsing. With his new vampire servant, Seras Victoria, at his side, Alucard must battle not only monsters, but all those who stand to oppose Hellsing, be they in the guise of good or evil.

In a battle for mankind's survival, Hellsing Ultimate proves that appearances are not all they may seem, and sometimes the greatest weapon can come in the form of one's worst nightmare.",OVA,10.0,"Feb 10, 2006 to Dec 26, 2012",UNKNOWN,Finished Airing,"Geneon Universal Entertainment, StudioRF Inc., Shounen Gahousha","Funimation, Geneon Entertainment USA","Madhouse, Satelight, Graphinica",Manga,49 min per ep,R - 17+ (violence & profanity),208.0,173,21056,462276.0,888527,https://cdn.myanimelist.net/images/anime/6/7333.jpg
32867,Bungou Stray Dogs 2nd Season,Bungo Stray Dogs 2,文豪ストレイドッグス,8.19,"Action, Mystery, Supernatural","Despite their differences in position, three men—the youngest senior executive of the Port Mafia, Osamu Dazai; the lowest ranking member, Sakunosuke Oda; and the intelligence agent, Ango Sakaguchi—gather at the Lupin Bar at the end of the day to relax and take delight in the company of friends.

However, one night, Ango disappears. A photograph taken at the bar is all that is left of the three together.

Fast forward to the present, and Dazai is now a member of the Armed Detective Agency. The Guild, an American gifted organization, has entered the fray and is intent on taking the Agency's work permit. They must now divide their attention between the two groups, the Guild and the Port Mafia, who oppose their very existence.",TV,12.0,"Oct 6, 2016 to Dec 16, 2016",fall 2016,Finished Airing,"Lantis, Movic, KlockWorx, Bandai Namco Live Creative, Glovision, Lawson HMV Entertainment, Sony PCL, Kadokawa","Funimation, Crunchyroll",Bones,Manga,23 min per ep,R - 17+ (violence & profanity),355.0,209,6629,461336.0,799873,https://cdn.myanimelist.net/images/anime/1572/133096.jpg
38040,Kono Subarashii Sekai ni Shukufuku wo! Movie: Kurenai Densetsu,KonoSuba: God's Blessing on This Wonderful World! - Legend of Crimson,映画 この素晴らしい世界に祝福を！紅伝説,8.45,"Adventure, Comedy, Fantasy","It is not strange that the Demon Lord's forces fear the Crimson Demons, the clan from which Megumin and Yunyun originate. Even if the Demon Lord's generals attack their village, the Crimson Demons can just easily brush them off with their supreme mastery of advanced and overpowered magic.

When Yunyun receives a seemingly serious letter regarding a potential disaster coming to her hometown, she immediately informs Kazuma Satou and the rest of his party. After a series of wacky misunderstandings, it turns out to be a mere prank by her fellow demon who wants to be an author. Even so, Megumin becomes worried about her family and sets out toward the Crimson Demons' village with the gang.

There, Kazuma and the others decide to sightsee the wonders of Megumin's birthplace. However, they soon come to realize that the nonsense threat they received might have been more than just a joke.",Movie,1.0,"Aug 30, 2019",UNKNOWN,Finished Airing,"Nippon Columbia, Toranoana, MAGES., 81 Produce, Sammy, Kadokawa Media House, Kadokawa, Sony Music Solutions",UNKNOWN,J.C.Staff,Light novel,1 hr 30 min,PG-13 - Teens 13 or older,144.0,247,4690,457103.0,725216,https://cdn.myanimelist.net/images/anime/1638/119321.jpg
27775,Plastic Memories,Plastic Memories,プラスティック・メモリーズ,7.91,"Drama, Romance, Sci-Fi","Eighteen-year-old Tsukasa Mizugaki has failed his college entrance exams, but after pulling some strings, he manages to land a job at the Sion Artificial Intelligence Corporation. SAI Corp is responsible for the creation of ""Giftias""—highly advanced androids which are almost indiscernible from normal humans. However, unlike humans, Giftias have a maximum lifespan of 81,920 hours, or around nine years and four months. Terminal Service One, the station Tsukasa was assigned to, is responsible for collecting Giftias that have met their expiration date, before they lose their memories and become hostile.

Promptly after joining Terminal Service One, Tsukasa is partnered with a beautiful Giftia named Isla. She is a Terminal Service veteran and considered the best in Giftia retrievals, contrary to her petite figure and placid nature. Time is fleeting though, and Tsukasa must come to terms with his feelings for Isla before her time is up. No matter how much someone desires it, nothing lasts forever.",TV,13.0,"Apr 5, 2015 to Jun 28, 2015",spring 2015,Finished Airing,"Aniplex, Movic, AT-X, ASCII Media Works, Bushiroad, MAGES., Asahi Broadcasting, BS11",Aniplex of America,Doga Kobo,Original,24 min per ep,PG-13 - Teens 13 or older,716.0,166,11518,454926.0,904647,https://cdn.myanimelist.net/images/anime/4/72750.jpg
33674,No Game No Life: Zero,UNKNOWN,ノーゲーム・ノーライフ ゼロ,8.2,"Drama, Fantasy, Romance","In ancient Disboard, Riku is an angry, young warrior intent on saving humanity from the warring Exceed, the 16 sentient species, fighting to establish the One True God among the Old Deus. In a lawless land, humanity's lack of magic and weak bodies have made them easy targets for the other Exceed, leaving the humans on the brink of extinction. 

One day, however, hope returns to humanity when Riku finds a powerful female Ex-Machina, whom he names Schwi, in an abandoned elf city. Exiled from her Cluster because of her research into human emotions, Schwi is convinced that humanity has only survived due to the power of these feelings and is determined to understand the human heart. Forming an unlikely partnership in the midst of the overwhelming chaos, Riku and Schwi must now find the answers to their individual shortcomings in each other, and discover for themselves what it truly means to be human as they fight for their lives together against all odds. Each with a powerful new ally in tow, it is now up to them to prevent the extinction of the human race and establish peace throughout Disboard.",Movie,1.0,"Jul 15, 2017",UNKNOWN,Finished Airing,"Frontier Works, Movic, AT-X, Kadokawa",Sentai Filmworks,Madhouse,Light novel,1 hr 46 min,PG-13 - Teens 13 or older,340.0,190,7520,452710.0,832418,https://cdn.myanimelist.net/images/anime/1085/90759.jpg
1195,Zero no Tsukaima,The Familiar of Zero,ゼロの使い魔,7.23,"Action, Adventure, Comedy, Fantasy, Romance, Ecchi","Louise Françoise Le Blanc de La Vallière is a self-absorbed mage in a world of wands, cloaks, and royalty. Although she studies at Tristain Academy, a prestigious school for magicians, she has a major problem: Louise is unable to cast magic properly, earning her the nickname of ""Louise the Zero"" from her classmates.

When the first year students are required to perform a summoning ritual, Louise's summoning results in a catastrophic explosion! Everyone deems this to be yet another failure, but when the smoke clears, a boy named Saito Hiraga appears. Now Louise's familiar, Saito is treated as a slave, forced to clean her clothes and eat off the ground. But when an unfamiliar brand is found etched on Saito's hand from the summoning ritual, it is believed to be the mark of a powerful familiar named Gandalfr.

Wild, adventurous, and explosive, Zero no Tsukaima follows Saito as he comes to terms with his new life and as Louise proves that there is more to her than her nickname suggests.",TV,13.0,"Jul 3, 2006 to Sep 25, 2006",summer 2006,Finished Airing,"Genco, Media Factory, Shochiku, Bushiroad, Happinet Pictures","Sentai Filmworks, Geneon Entertainment USA",J.C.Staff,Light novel,23 min per ep,PG-13 - Teens 13 or older,2910.0,210,7878,451984.0,794622,https://cdn.myanimelist.net/images/anime/8/20680.jpg
28927,Owari no Seraph: Nagoya Kessen-hen,Seraph of the End: Battle in Nagoya,終わりのセラフ　名古屋決戦編,7.62,"Action, Drama, Supernatural","Yuuichirou Hyakuya is finally reunited with his childhood friend Mikaela Hyakuya, whom he had long presumed to be dead. Upon their reunion, however, he discovers that Mikaela has been turned into a vampire. Determined to help his friend, Yuuichirou vows to get stronger so that he can protect Mikaela as well as the comrades in the Moon Demon Company.
 
Kureto Hiiragi receives information that a large group of vampires will be gathering in Nagoya, preparing for their assault on the Imperial Demon Army's main forces in Tokyo. Led by Guren Ichinose, Yuuichirou's team is one of many selected to intercept and eliminate the vampire nobles.
 
With the Nagoya mission quickly approaching, the members of Shinoa squad continue to work towards fully mastering their weapons, while learning how to improve their teamwork. Yuuichirou must gain the power he needs to slay the nobles and save his best friend, before he succumbs to the demon of the Cursed Gear.",TV,12.0,"Oct 10, 2015 to Dec 26, 2015",fall 2015,Finished Airing,"NBCUniversal Entertainment Japan, Shueisha",Funimation,Wit Studio,Manga,23 min per ep,R - 17+ (violence & profanity),1337.0,235,2898,451784.0,756606,https://cdn.myanimelist.net/images/anime/9/76632.jpg
43608,Kaguya-sama wa Kokurasetai: Ultra Romantic,Kaguya-sama: Love is War - Ultra Romantic,かぐや様は告らせたい-ウルトラロマンティック-,9.05,"Comedy, Romance","The elite members of Shuchiin Academy's student council continue their competitive day-to-day antics. Council president Miyuki Shirogane clashes daily against vice-president Kaguya Shinomiya, each fighting tooth and nail to trick the other into confessing their romantic love. Kaguya struggles within the strict confines of her wealthy, uptight family, rebelling against her cold default demeanor as she warms to Shirogane and the rest of her friends.

Meanwhile, council treasurer Yuu Ishigami suffers under the weight of his hopeless crush on Tsubame Koyasu, a popular upperclassman who helps to instill a new confidence in him. Miko Iino, the newest student council member, grows closer to the rule-breaking Ishigami while striving to overcome her own authoritarian moral code.

As love further blooms at Shuchiin Academy, the student council officers drag their outsider friends into increasingly comedic conflicts.",TV,13.0,"Apr 9, 2022 to Jun 25, 2022",spring 2022,Finished Airing,"Aniplex, Mainichi Broadcasting System, Magic Capsule, Shueisha, JR East Marketing & Communications",Aniplex of America,A-1 Pictures,Manga,23 min per ep,PG-13 - Teens 13 or older,5.0,198,29118,451187.0,820642,https://cdn.myanimelist.net/images/anime/1160/122627.jpg
24415,Kuroko no Basket 3rd Season,Kuroko's Basketball 3,黒子のバスケ,8.3,Sports,"Seirin prepares to face major obstacles on their path to winning the Winter Cup, including the teams each possessing a member of the Generation of Miracles. Kuroko goes head-to-head with his old teammates once more as he attempts to show them that individual skill is not the only way to play basketball. His firm belief that his form of basketball, team play, is the right way to play the sport will clash with the talents of a perfect copy and an absolute authority.

While Kuroko tries to prove that his basketball is ""right,"" he and the rest of Seirin High ultimately have one goal: to win the Winter Cup and overcome the strength of the Generation of Miracles, who have long dominated the scene of middle and high school basketball.",TV,25.0,"Jan 11, 2015 to Jun 30, 2015",winter 2015,Finished Airing,"Bandai Visual, Lantis, Nihon Ad Systems, Banpresto, Shueisha, BS11",UNKNOWN,Production I.G,Manga,24 min per ep,PG-13 - Teens 13 or older,245.0,244,5023,450910.0,728725,https://cdn.myanimelist.net/images/anime/4/68299.jpg
25157,Trinity Seven,Trinity Seven,トリニティセブン,7.06,"Action, Comedy, Fantasy, Romance, Ecchi","One day, the bright red sun stopped shining, causing the ""Breakdown Phenomenon""—the destruction of Arata Kasuga's town and the disappearance of the people inhabiting it. All, however, is not yet lost; by utilizing the magical grimoire given to him by his childhood friend and cousin Hijiri Kasuga, Arata's world gets artificially reconstructed.

In order to investigate the phenomenon, Lilith Asami appears before Arata, whose artificial world suddenly disintegrates. He is given two choices: hand over the book, or die. However, Arata chooses the third option—enrolling in the top-secret magic school Royal Biblia Academy, where six other magical users await him. Together with Lilith, these six form the Trinity Seven, the elite of the school who each bolster their own power and skill.

With the ambition to save Hijiri and the help of his newfound friends, Arata stops at nothing to prevent the destruction of his beloved hometown and to bring his best friend back.",TV,12.0,"Oct 8, 2014 to Dec 24, 2014",fall 2014,Finished Airing,"TV Tokyo, Sotsu, Kadokawa Shoten, AT-X, Studio Mausu, Avex Pictures, Q-Tec, Docomo Anime Store, DeNA",Sentai Filmworks,Seven Arcs Pictures,Manga,24 min per ep,PG-13 - Teens 13 or older,3713.0,204,3768,446740.0,810893,https://cdn.myanimelist.net/images/anime/12/67795.jpg
39617,Yakusoku no Neverland 2nd Season,The Promised Neverland Season 2,約束のネバーランド,5.3,"Fantasy, Sci-Fi, Suspense","Emma, Ray, and the rest of the older children have escaped the confines of the Grace Field House. However, with relentless demons set on capturing them, their arduous battle for freedom has only just begun.

Despite venturing into the treacherous wilderness, the children remain optimistic due to their possession of books written by William Minerva. Coded within his books are messages detailing the world outside the farm—information that can help them survive with the limited resources they have. But when their pursuers draw near, the children soon encounter their most dreadful situation yet. 

In Yakusoku no Neverland 2nd Season, the children struggle to survive in the strange ruthless world, striving to find a sanctuary they can truly call home.",TV,11.0,"Jan 8, 2021 to Mar 26, 2021",winter 2021,Finished Airing,"Aniplex, Shueisha",Aniplex of America,CloverWorks,Manga,22 min per ep,R - 17+ (violence & profanity),11346.0,176,4510,446031.0,882306,https://cdn.myanimelist.net/images/anime/1815/110626.jpg
